-- phpMyAdmin SQL Dump
-- version 4.0.10.7
-- http://www.phpmyadmin.net
--
-- Host: localhost
-- Generation Time: Oct 09, 2015 at 09:09 AM
-- Server version: 5.5.45-cll
-- PHP Version: 5.4.31

SET SQL_MODE = "NO_AUTO_VALUE_ON_ZERO";
SET time_zone = "+00:00";


/*!40101 SET @OLD_CHARACTER_SET_CLIENT=@@CHARACTER_SET_CLIENT */;
/*!40101 SET @OLD_CHARACTER_SET_RESULTS=@@CHARACTER_SET_RESULTS */;
/*!40101 SET @OLD_COLLATION_CONNECTION=@@COLLATION_CONNECTION */;
/*!40101 SET NAMES utf8 */;

--
-- Database: `muhayori_pusdalops`
--

-- --------------------------------------------------------

--
-- Table structure for table `app`
--

CREATE TABLE IF NOT EXISTS `app` (
  `ID` int(11) unsigned zerofill NOT NULL AUTO_INCREMENT,
  `restore` datetime NOT NULL,
  PRIMARY KEY (`ID`)
) ENGINE=MyISAM DEFAULT CHARSET=latin1 AUTO_INCREMENT=1 ;

-- --------------------------------------------------------

--
-- Table structure for table `bencana`
--

CREATE TABLE IF NOT EXISTS `bencana` (
  `id_bencana` int(11) NOT NULL AUTO_INCREMENT,
  `id_jenis_bencana` int(2) NOT NULL,
  `tanggal_bencana` date NOT NULL,
  `waktu_bencana` time DEFAULT NULL,
  `id_lokasi` int(3) NOT NULL,
  `rt_lokasi` varchar(10) NOT NULL,
  `long_lokasi` varchar(100) NOT NULL,
  `lat_lokasi` varchar(100) NOT NULL,
  `sebab_bencana` varchar(200) NOT NULL,
  `cakup_bencana` varchar(200) NOT NULL,
  `deskripsi_bencana` text NOT NULL,
  `kondisi_bencana` varchar(200) NOT NULL,
  `sumber_informasi` varchar(200) NOT NULL,
  `excel_bencana` int(1) NOT NULL,
  `name_excel` varchar(200) NOT NULL,
  `meninggal` int(100) NOT NULL,
  `hilang` int(100) NOT NULL,
  `ringan` int(100) NOT NULL,
  `berat` int(100) NOT NULL,
  `pengungsi` int(100) NOT NULL,
  `menderita` int(100) NOT NULL,
  `rusak` int(100) NOT NULL,
  `user_id` int(11) NOT NULL,
  `date_bencana` date NOT NULL,
  PRIMARY KEY (`id_bencana`)
) ENGINE=MyISAM  DEFAULT CHARSET=latin1 AUTO_INCREMENT=7039 ;

--
-- Dumping data for table `bencana`
--

INSERT INTO `bencana` (`id_bencana`, `id_jenis_bencana`, `tanggal_bencana`, `waktu_bencana`, `id_lokasi`, `rt_lokasi`, `long_lokasi`, `lat_lokasi`, `sebab_bencana`, `cakup_bencana`, `deskripsi_bencana`, `kondisi_bencana`, `sumber_informasi`, `excel_bencana`, `name_excel`, `meninggal`, `hilang`, `ringan`, `berat`, `pengungsi`, `menderita`, `rusak`, `user_id`, `date_bencana`) VALUES
(6844, 481, '2015-01-02', '01:00:00', 545, '0', '07.82690', '110.49383', 'hujan deras yang mengakibatkan debit dan arus sungai meningkat ', 'Jalan Karangasem Dusun Kembangsari Srimartani terancam putus setelah talud jembatan (dekat makam Jetis) yg menghubungkan Kampung Karangasem ke dusun lain longsor semalam', ' Dukuh Kembangsari AM.Isnadi pagi ini akan berkoordinasi dg Desa dan Muspika utk penangann lbh lanjut.- Talud yg longsor dg volume: panjang 5 meter , tinggi 6 meter. - Sumberdaya: FPRB Piyungan, Dukuh, Warga,talud yang longsor dengan volume p=5m,t=6m tersebut bru diketahui oleh warga setelah pagi hari jumat(2/1)', 'hujan deras', '', 0, '', 0, 0, 0, 0, 0, 0, 0, 1, '2015-05-08'),
(6845, 481, '2015-01-02', '14:20:00', 553, '4', '07.87883', '110.43176', 'hujan deras', '', 'hujan deras yang sering  menmgguyur sejak tanggal 27 desember dan tgl 2 januari mengakibatkan tanah menjadi jenuh dan pada pukul jm 14.20  terjadi longsoran sekitar 6 m x 7 m di dekat rumah bu kartodimedjo (68 th)', 'hujan', '', 0, '', 0, 0, 0, 0, 0, 0, 0, 1, '2015-05-08'),
(6846, 481, '2015-01-05', '03:30:00', 546, '3', '08.00491', '110.31979', 'hujan deras', 'mengancam rumah dan dapur,', 'hujan deras mengakibatkan tanah milik bp suwandiyono longsor mengancam rumah ibu karto wiyono(80th) dan dapur milik bp sulipto (50th).luas area longsor lebar 3m tinggi 4m. Jarak dapur dengan tebing 1m,jarak rumah dengan tebing 2m.', 'hujan', '', 0, '', 0, 0, 0, 0, 0, 0, 0, 1, '2015-05-08'),
(6847, 482, '2015-01-07', '00:10:00', 547, '1', '07.836 37', '110.44 218', 'korsleting listrik', '1 unit rumah semi permanen ukuran 9 x 6 m', 'Rumah semi permanaen milik Bp.Syarifudin (50th)  ukuran 9x6 m terbakar  kareana korsleting listrik. Kerusakan : (a). tiang penyangga dari bambu ukuran 15 cm = 20 buah.(b). Gedek uk 2x3 m= 10 buah ( c).batu bata = 1000 buah ,( d) reng = 600 buah .(e). genteng = 2000 biji. (f) 4 sepeda terbakar .(g). sepeda motor = 3 terbakar habis ( supra 125,yamaha fiz-er, yamaha 75). (f ). tumpukan kayu jati dan sengon terbakar.= 50 potong ukuran usuk ', 'hujan', '', 0, '', 0, 0, 0, 0, 0, 0, 0, 1, '2015-05-08'),
(6848, 482, '2015-01-08', '17:00:00', 554, '4', '07.86 317', '110.29904', 'korsleting listrik', 'rumah keseluruhan terbakar habis', 'rumah ditinggal ziarah, dan terbakar. Kerugian diperkirakan 1,9 jt, tv 14 inc, surat surat ikut terbakr. Pengghuni amrozi, 33 th; suparmi 26 th ; muh kafi arida , cp : 081804292061', 'cerah', '', 0, '', 0, 0, 0, 0, 0, 0, 0, 1, '2015-05-08'),
(6849, 482, '2015-01-11', '16:30:00', 1603, '6', '07.75193', '110.33996', 'kompor menyala', 'gudang kayu', 'Kronologis: seorang karyawan sedang memasak air kemudian ditinggal mandi lalu api menyala merembet ke gudang kayu dan mes karyawan. Ukuran 15 x 20 m . taksiran kerugian &#177; 200 juta\nNama pemilik : Bpk. H. Handoyo (44th), Cp : 081 392 093 090', 'cerah', '', 0, '', 0, 0, 0, 0, 0, 0, 0, 1, '2015-05-08'),
(6850, 481, '2015-01-13', '08:30:00', 550, '6', '07.96876', '110.41988', 'tekstur batuan kapur yang rapuh', 'jalan kampung tertutup bongkahan batuan kapur serta pepohonan ', 'tebing lahan hutan yang merupakan batuan kapur mengalami pelapukan berakibat terjadinya longsor yang menutup akses jalan kampung sepanjang 20 m dan tinggi tebing dari jalan adalah 50 m cp .giyanto (nogosari rescue) : 08175457193', 'cerah', '', 0, '', 0, 0, 0, 0, 0, 0, 0, 1, '2015-05-08'),
(6851, 483, '2015-01-13', '17:55:00', 551, '4', '07.84323', '110.35629', 'hujan dan akar pohon tidak dapat menahan / akar rungkat', 'pohon tumbang melintang dijalan dan menutup akses jalan (jln. kali maksum) penghubung kampus ISI dengan Ringroad', 'pohon tumbang menimpa kabel instalasi listrik pln dan kebel telpon, pohon kluwih dengan diameter kurang lebih 30 cm, menutup jalan ali maksum yang menghubungkan kampus isi dengan ringroad', 'hujan', '', 0, '', 0, 0, 0, 0, 0, 0, 0, 1, '2015-05-08'),
(6852, 484, '2015-01-14', '21:00:00', 556, '3', '07.90615', '110.3554', '', '', 'pohon serut berdiameter 70 cm, milik bp heri musriyanto, tumbang kearah jalan Parangtritis menutup akses jalan kampung, dan menimpa kabel listrik dan kabel pln juga. Cp 081578376162. ditangani jam 21.30 sd 00.15 dini hari.', 'hujan', '', 0, '', 0, 0, 0, 0, 0, 0, 0, 1, '2015-05-08'),
(6853, 483, '2015-01-15', '10:00:00', 546, '6', '', '', 'hujan deras disertai angin kencang', 'pohon tumbang menimpa bagian dapur ', 'jenis pohon melinjo panjang 12 meter diameter 30 cm menimpa bagian dapur rumah bapak rustanto keursakan beberapa genteng pecah sudah terkondisi oleh jajaran sar paris ( lumba 36)', 'hujan', '', 0, '', 0, 0, 0, 0, 0, 0, 0, 1, '2015-05-08'),
(6854, 481, '2015-01-15', '10:00:00', 557, '18', '', '', 'hujan deras ', 'mengancam rumah bpk suyanto', 'jam 10.00 wib tiba-tiba tanah yang berada di depan rumah pak suyanto (sekitar 50 cm dari teras rumah) longsor dengan ketinggian 7m dan lebar 10 meter dan menutup jalan kampung. Jam 13.00 dilakukan kerjabakti 60 orang (selama 3 hari)', 'hujan', '', 0, '', 0, 0, 0, 0, 0, 0, 0, 1, '2015-05-08'),
(6855, 485, '2015-01-15', '13:00:00', 558, '1', '7.88949', '110.42983', 'hujan lebat disertai angin kencang ', 'mengikis bangketan/pondasi sungai', 'hujanlebat yang disertai angin kencang mwngakibatkan sungai banjir sehingga pohon/dapuran bambu roboh/rungkst karena erosi sungai. Pohon melintang/menutup aliran sungai. Evakuasi dilakukan oleh  senaputra, fprb wonolelo, warga purworejo dan warga turukan.', 'hujan disertai angin', '', 0, '', 0, 0, 0, 0, 0, 0, 0, 1, '2015-05-08'),
(6856, 481, '2015-01-15', '12:00:00', 559, '3', '7.89785', '110.42953', 'hujan', 'rekahan pada tebing gunung', 'gempa 2006 menyebabkan rekahan bongkahan batu, sampai sekarang rekahan semakin besar(ditutup warga untuk antisipasi agar tidak terkena hujan,. Kemiringan hingga 80, penyangga batu di bawahnya hanya pohjon kecil dan batu kecil, kemungkinan jatuh di S 07.89910, E 110.430006, evalation 631ft. Sebulumnya pernah terjadi longsor batu di dekat lokasi pada tahun 2013. Ada 4 rumah telah direlokasi yahun 2014', 'hujan', '', 0, '', 0, 0, 0, 0, 0, 0, 0, 1, '2015-05-08'),
(6857, 482, '2015-01-15', '20:00:00', 560, '', '', '', 'api lilin', 'almari dan baju dirumah milik marsudi wiyono', 'saat mati lampu lilin dinyalakan diatas lemari, kemudian lilin menyulut almari dan api mulai membesar', 'mendung', '', 0, '', 0, 0, 0, 0, 0, 0, 0, 1, '2015-05-08'),
(6858, 481, '2015-01-15', '15:00:00', 561, '1', '0790946', '11042559', 'hujan', 'tebing dan bangket yang longsor dan mengancam rumah warga di tiga titik.', '(1.) tebing jalan longsor setinggi &#177; 10 m dan lebar 12 m menutup akses jalan menuju rt 1 ke rt 2 nihil korban dan kerugian  dan sudah di lakukan kerjabakti oleh warga.(2). Bangket tinggi 7m dan panjang 5m ambrol mengancam teras rumah milik bapak rohmadiyanto nihil korban dan kerugian.no telpon (087839547881) .(3).tebing ukuran tinggi 5m dan panjang 5m tdi belakang rumah bpk. saryanto bagian tembok tapi masih utuh .sudah dikondisikan warga. no telp (087811101679. Koordinat jtrj 1: 07.90999&#176;       jtrj 2: 90897&#176;       jtrj 3: 0790946&#176;, jtrj1: 110.42329&#176; jtrj2: 110.42474&#176; jtrj 3: 11042559&#176;', '', '', 0, '', 0, 0, 0, 0, 0, 0, 0, 1, '2015-05-08'),
(6859, 481, '2015-01-17', '17:00:00', 550, '2', '7.95775', '110.41979', 'hujan', 'Jalur tidak bisa dilewati angkutan roda 4= (padahal seringkali roda 4 milik PDAM (pengangkut kaporit) , milik PB Madukismo (tiap hari mengangkut tenaga kerja sekitar), dan mimi cup (pengangkut hasil p', 'tanggal 17 januari sore terjadi hujan dan tepat pukul 17.00 terjadi tanah longsor akibat dari kondisi tanah yang sudah gembur.  Longsoran terjadi pada bagian pondasi jalan utama/kampung, dengan ketinggian 5 meter dan panjang 4 meter. Dan pada tanggal 18 januari pukul 06.00 dilakukan kerjabakti oleh warga. bangketan jalan kampung longsor (jalan utama penghubung 5 kawasan RT dengan 125 KK yang berada di bawahnya). Rencana akan dibuatkan bronjong batu sebagai pondasi jalan (secara swadaya). Dibutuhkan material batu sekitar 7 ampai 8 rit', 'hujan ', '', 0, '', 0, 0, 0, 0, 0, 0, 0, 1, '2015-05-08'),
(6860, 486, '2015-01-18', '15:30:00', 1357, '20', '07.79202', '110.39632', 'tanggul s. gajahwong jebol', '4ha (mengepung 2 rumah dan 35 kolam)', 'Hujan deras wilayah utara pukul 15.00 WIB. Pusdalops memperoleh info dari media sosial, S. Gajah Wong mulai terjadi peningkatan kemudian mengakibatkan talud jebol dan menyebabkan terjadi limpasan air yang membanjiri area pemukiman warga dan mengepung rumah 2 rumah warga milik Bpk. Sahono (60th) terdiri dari 4 jiwa dan rumah milik Bpk Nur Hidayat (25th) terdiri dari 4 jiwa (1 orang difable). \nDampak lain :\na. 6 (enam) kambing hanyut\nb. 35 (tigapuluh) kolam ikan hanyut (rusak)\nc. Jalan (cor blok) + 10 meter rusak (hanyut)\nd. Talud sungai irigasi 10 meter (jebol)\ne. Talud sungai gajah wong + 20 meter (jebol)\nKondisi teraskhir Keluarga Bpk Sahono mengungsi di tempat anaknya, d.a. Ledok, Timoho. dan Keluarga Bpk Nur Hidayat mengungsi di tempat rumah Ketua RT dan di rumah Ibu Parmini (Sorowajan Baru RT 20, Sorowajan).\n\nupdate 22 jan: untuk Korban an Bp Sahono tidak gabung ke pengungsian (karena sudah mengungsi kerumah anaknya) dan korban an. Nur Hidayat tidak bergabung ke pengungsian (karena sudah mendapatkan kost-kosan). mengancam perumahan yang berada si sebelah timur sungai dan mengancam kuburan (mulai tergerus). penanganan: kerjabakti bversama warga membuat karung pasir (untuk tanggul), PMI dan puskesmas banguntapan masing masing membuat posko kesehatan satu unit, BB WSO mengerahkan eskafator satu unit, dan warga membuat dapur umum. serta bpbd memberikan bronjong.\nUPDATE tgl : 24 Januari 2015: daftar pemberi bantuan(barang)  DINSOS bpk sumarno (beras, selimut , peralatan dapur, perlengkapan mandi, mie instan, kecap,dll), BPBD BANTUL (tikar 10 dos, lauk pauk 10 dos, tambahan gizi 4 dos, makanan siapsaji 4 dos, beras 50 kg, peralatan bayi 5 tas, indomie 6 dos, kecap 20 pac, sarden 30, minyak gorang 1 dos, gula pasir 1 dos, selimut 18 lembar, milo 8 dos), PMI BTL (  BK 5 dos, HK 8 dos), bu Semi (gula 1/2 kg, nescafe 2 botol), ibu komisi (krupuk 3 plastik, mibun 2 plstik, mi etelor 1, kecap 1, minyak 2 L, telor 1 kg, kopi 2 renteng),  rt 19 ( bumbu dapur, sayuran yg diberikan tgl 18/01), rt 14 ( telur 2 dus), Kali jawi (indomie 2,5 dos, gulla 5 kg, kopi 4 bungkus, teh 1 pc, sayur 100 rb). pemberi bantuan (uang): pak lurah BTP : 500 rb, kepala puskesmas BTP 3 400rb, ket BPT  1 JT, bpk, agus ugm 200rb, masjid al hijrah 500 rb,BUPATI BNTL 1 JT.update tgl 21 jan 2015 arus suangai gajah wong deras sekali sehingga menambah luas area terdampak yaitu 5 kk terdiri dari (1). ibu rumi : 3 dewasa,1lansia.(2.)rumah bpk bowo: 3 dewasa (3) rumh bpk. galih : 3 dewasa 2 balita (4) .rmh bpk wardi: 5dewasa 1 balita.(5).rmh bpk nur: 5 dewasa 1 balita..serta 1 pos ronda tergerus arus dan posisi miring .rumah terdekat dngan pos ronda 50 cm . \nupdate tgl 22 januari 2015: pengungsi ada 7 KK, YAITU: 1. KK Bapak Nurhadi (60 th),a. Nur Indah (55th) istri, b. Atik Rohayati ( 33th) anak, c. Heri Purnomo ( 31th) anak, d. Istirohana ( 15th) cucu, e. Afika (8bulan) cucu; 2. KK Bapak Suwardi ( 49 th ),a. Rostinah (45 th) istri,b. Arif Rusdiyanto ( 18 th ) anak, c. Sani ( 17 Th ) anak, d. Mila (17 Th ) anak, e. Daniel ( 8 th ) anak, f. Novi (18 bulan) anak; 3. KK Bapak Rambat ( 59th), a. Suranti  (56 th) istri, b. Nanang Setiawan (31 th) anak, c. Dimas (18 th) cucu; 4. KK Bapak Galih Setiawan ( 35th), a. Sumirah (39 th) istri, b. Prasetyo (13th) anak, c. Fajar (17 bulan) anak, d. Rafi Andika(5 bulan) anak; 5. KK Bapak Sri Ardi Wibowo ( 24th), a. Fitriana Marlina (22th) istri, b. Gilang (5 th) anak; 6. KK Ibu Rumiyati ( 50th), a. Agung Setiawan(29 th) anak, b. Puput Ruisqiyarti (12 th) anak; 7. KK Bapak Siswoyo ( 80th).  ', 'hujan', '', 0, '', 0, 0, 0, 0, 0, 0, 0, 1, '2015-05-08'),
(6861, 486, '2015-01-18', '18:00:00', 563, '0', '0', '0', 'dam/ bendungan tersumbat dapuran bambu', '12 rumah terendam, ketinggian 50cm', 'kejadian pukul 18.00 wib air sungai gajahjwong meluap akibat dam/bendungan tersumbat dapuran bambu sehinggal masuk ke pemukiman dan menggenangi 12 rumah warga (43 jiwa, terdiri dari balita 4 jiwa, lansia 5 jiwa, dewasa 34 jiwa) dengan ketinggian air mencapai 50cm. kondisi terakhir air mulai surut pukul 20.00 wib dan situasi kondisi kembali aman terkendali.', 'hujan', '', 0, '', 0, 0, 0, 0, 0, 0, 0, 1, '2015-05-08'),
(6862, 487, '2015-01-18', '16:45:00', 564, '0', '', '', 'angin kencang', '', 'korban an. Stephanus haryoto, katolik, alamat: perum. Atmajaya a3, no 13 wedomartani,ngemplak,sleman merupakan pecinta paralayang yang pada saat melakukan giat paralayang tiba-tiba angin kencang membawa korban hingga keluar jalur(tengah laut parangtritis) hingga korban tidak kontrol dan terjun ke permukaan air dan hanyut. nelayan depok yang sedang melaut segera melakukan pertolongan bersama tim sar bantul yang melihat kejadian. korban dapat diselamatkan', 'mendung, disertai angin kencang', '', 0, '', 0, 0, 0, 0, 0, 0, 0, 1, '2015-05-08'),
(6863, 481, '2015-01-18', '21:00:00', 565, '2', '', '', 'hujan deras', 'longsoran tanah sepanjang 20 m sedalam 5 m, mengenai bahu jalan sekitar 30 cm', 'tanah longsor selebar 30 cm pada bahu jalan piyungan pleret. Oleh warga Sudah dilaporkan ke PU dan dipasangi tanda. Sumber info dari bp slamet widodo cp 087838564085', 'hujan', '', 0, '', 0, 0, 0, 0, 0, 0, 0, 1, '2015-05-08'),
(6864, 481, '2015-01-18', '19:30:00', 566, '3', '', '', 'hujan deras', 'longsoran tanah sepanjang 6 m sedalam 2 m, mengenai bahu jalan sekitar 60 cm', 'tanah longsor selebar 60 cm pada bahu jalan. Sumber dari bp heri fprb piyungan c 087738371678', 'hujan', '', 0, '', 0, 0, 0, 0, 0, 0, 0, 1, '2015-05-08'),
(6865, 481, '2015-01-19', '20:00:00', 567, '2', '', '', 'hujan deras', 'bahu jalan 15m', 'lokasi berada di jalan alternatif yang menghubungkan piyungan dengan ngoro-oro. Tindak lanjut warga memasang tanda bahaya pada jalan yang terkena longsor. (sumber info: trc heri)', 'hujan', '', 0, '', 0, 0, 0, 0, 0, 0, 0, 1, '2015-05-08'),
(6866, 483, '2015-01-19', '21:00:00', 1252, '2', '07.82585', '110.45886', 'hujan disertai angin', '1 rumah  warga', 'atap rumah milik ibu ngaminah ukuran 5 x5 m dengan jumlah material rusak ; 1). Genteng : 800 buah,2).  usuk 36 biji, 3). reng 72 m. rumah sudah bediri kembali atas swadaya masyarakat setempat dan bantuan dinas sosial.', '', '', 0, '', 0, 0, 0, 0, 0, 0, 0, 1, '2015-05-08'),
(6867, 482, '2015-01-22', '23:45:00', 1604, '16', '', '', '', '1 rumah warga terbakar 12 x14 m', 'info masuk jam 0018. dari pusdalops kota .kronologis  pemilik rumah terbangun dan melihat api sudah membesar nama pemilik rumah  ibu sarjono/kasminisarjono (82)th terdiri dari 6 kk', '', '', 0, '', 0, 0, 0, 0, 0, 0, 0, 1, '2015-05-08'),
(6868, 488, '2015-01-22', '03:00:00', 1358, '6', ': S07.91993', '110. 40594', 'hujan ', 'amblasan tanah terjadi di 3 rumah dibawah bukit dan apabila hujan turun  semakin deras dikhawatirkan akan longsor dan mengancam rumah di bawah jalan ', ':  hujan deras yang terjadi kemarin sore berakibat pada derasnya aliran resapan sumber mata air dari bukit di atas dusun yang tidak teratur turun ke permukiman warga tanpa adanya pipa air sehingga berakibat pada terjadinya rekahan &#8211; rekahan tanah yang mengancam rumah warga .    a. 3 rumah di atas jalan kampung  (  jarak  dinding rumah ke bukit 5 m ) \n1. Rumah Bpk Khudori (60 th) = 2 jiwa ( lansia ) \nIstri  (55 th )\n&#8226; Rumah tembok  ukuran 9 x 6 m\n2. Rumah Bpk. Bukhori (70th) ,   istri  ( 60 th ),anak ( 25th )\n&#8226; Berupa rumah kayu  ukuran 9 x 20 m \n3. Rumah Bpk Suparman (75 Th) ,istri 65 th ,anak ( 40 th)\n&#8226; Berupa rumah tembok ukuran 9 x 12\n\nb. 3 rumah  di bawah jalan kampung terancam longsor dari permukiman di atasnya \n1. Rumah Bpk. Khawari (75 th )\nIstri ( 60 th )\n&#8226; Rumah kayu ukuran 9 x 12 m\n2. Rumah Bpk . Heru (30 th )\nIstri ( 30 th )\nAnak ( 8 th)\nAnak ( 4 th )\nAnak (2 th )\n&#8226; Rumah Kayu ukuran 9 x16 m \n3. Rumah Bpk. Walidi (70 th )\nAnak ( 40 th )\nCucu ( 18 th ) \n&#8226; Rumah Kayu ukuran 9 x6 m \nc. Tanah  bergerak yang berpotensi amblas seluas  500 m2 kedalamanya bervariasi  dari &#177; 10 cm s/d &#177; 35 cm .\nd.  Jalan kampung  di bawah rumah Bpk. Khudori juga mengalami rekahan rekahan yang apabila di biarkan semakin meluas dan mengancam permukiman di bawahnya( rumah bpk Khawari, bpk. Heru dan Bpk. Walidi ) \ne. Kondisi di atas bukit :\n  terdapat 2 batu besar  berukuran &#177; diameter 15 m dan 10 m yang sudah merekah dengan lebar rekahan &#177; 10 cm &#8211; 25 cm .\nKoordinat : S 07.92130&#176;, E  110.40455&#176;\nBatu tersebut sangat berbahaya apabila turun hujan lebat di kemudian ahari akan mengancam rumah warga  rt .05 dan rt .06 yang berada di bawah bukit tersebut .&#8226; Bpk . Bukhori akan menempati rumah miliknya yang lain dan melakukan evakuasi mandiri dengan  membongkar rumah bagian depan. Ketua Rt .06  Bpk . Basuki\n ( 08175464478 )\n \n                                    ', '', '', 0, '', 0, 0, 0, 0, 0, 0, 0, 1, '2015-05-08'),
(6869, 485, '2015-01-28', '22:00:00', 1068, '1', '07.95816', '110.39185', 'hujan ', 'jembatan terancam putus', 'jembatan yang menghubungkan kajor wetan dengan jalan imogiri- panggang terancam putus karena di bagian bawah jembatan terdapat rekahan dan retakan tanah.jembatan dalamkondisi miring dan masih bisa di lewati.cp( 0818270156) ukuran tinggi rekahan 5m panjang 4 m', '', '', 0, '', 0, 0, 0, 0, 0, 0, 0, 1, '2015-05-08'),
(6870, 485, '2015-01-28', '22:00:00', 1068, '1', '0795606', '110.39153', 'huan', 'jalan terancam longsor', 'jalan yang menghubungkan kajor wetan  dengan jalan imogiri -panggang terancam lonhgsor. Bagian pinggir jalan sudah amblas terkena hempasan air sungai. Dengan ukuran amblasan panjang : 35 m tinggi 5m', '', '', 0, '', 0, 0, 0, 0, 0, 0, 0, 1, '2015-05-08'),
(6871, 487, '2015-01-29', '12:45:00', 1359, '', '', '', 'terseret arus', '', 'sumber informasi: jajaran sar parangtritis bantul, lokasi kejadian: depan pos sar parangtritis, korban an: yulianto aji wibowo, 19 tahun, laki-laki, pelajar, islam. Alama: grompol rt.017 trosobo, sambi, boyolali, jateng, saksi: romo( 25 tahun) dan  faizal (19 thn), kronologis: korban bersama 1 teman  bermain air ke pinggiran menuju tengah laut, namun tiba-tiba masuk ke palung dan terseret ombak keselatan, pukul 13.40 wib tim sar yang melihat kejadian langsung memberikan pertolonngan sehingga korban terselamatkan dan segera di bawa ke klink terdekat( klinik dharna husada.', 'cerah', '', 0, '', 0, 0, 0, 0, 0, 0, 0, 1, '2015-05-08'),
(6872, 481, '2015-01-29', '19:30:00', 1081, '2', '794404', '110.40013', 'hujan', 'mengancam 2 KK (7 jiwa), yaitu: (sarjiyo (50), murtini, m.nurkholis, fahrul khols) dan( mohari(70), poniah (65), marjiyem (55). Kondisi mengungsi di rumah sujiyem. Giat kerjabakti akan dilaksanakan jm', 'hujan dera mengakbatkan longsor serta batu dengan diameter 2m, panjang 4 m longsor, namun tertahan pohon. Jarak batu dengan rumah sekitar 50 m. ', '', '', 0, '', 0, 0, 0, 0, 0, 0, 0, 1, '2015-05-08'),
(6873, 484, '2015-02-02', '17:00:00', 1360, '', '', '', 'hujan ', '1mobil lelangan milik bag.umum tertimpa pohon ', 'pohon akasia tumbang menimpa mobil yang sudah di lelang milik bagina umum. Nihil kerusakan ', '', '', 0, '', 0, 0, 0, 0, 0, 0, 0, 1, '2015-05-08'),
(6874, 483, '2015-02-04', '21:30:00', 1339, '3', '7.89935', '110.32194', 'hujan disertai angin kencang', 'menimpa warung ukuran 3x2 mmilik bapak saiman , tiang listrik primer miring, selain itu  merusak etalase, radio, sepeda dll, dan menutup akses jalan', 'pohon munggur besar dan pohon kelapa menimpa warung, rumah, kabel listrik dan menutup akses jalan  bagian kerusakan pada etalase, radio, sepeda,dll. Diameter pohon munggur= 60 cm, pohon kelapa diameter= 20 cm , evakuasi di lakukan oleh tim TRC, SAR, warga, fprb dengan mengutamakan evakuasi pohon tumbang yag menutup akses jalan , evakuasi dilakukan hingga pukul 01.30 wib', 'hujan disertai angn', '', 0, '', 0, 0, 0, 0, 0, 0, 0, 1, '2015-05-08'),
(6875, 484, '2015-02-08', '21:30:00', 1283, '', '', '', 'hujan', 'pohon tumbang melintang dijalan', 'ppukul 22.00 wib mendapa informasi terjadi pohon tumbang melintang di jalan( jalan alternatif yang menghubungkan piyungan dan gunung kidul, evakuasi dilakukan jajaran fprb, untuk dokukmentasi tidak ada dikarenakan kondisi gelap gulita', '', '', 0, '', 0, 0, 0, 0, 0, 0, 0, 1, '2015-05-08'),
(6876, 484, '2015-02-09', '00:30:00', 1361, '1', '7.89396', '110.30345', 'hujan', 'menimpa atap rumah ', 'pohon nangka diameter&#177;90 cm milik Bpk. Pardi widodo tumbnag melintang dijalan dan sebagian menimpa atap rumah milik Bpk. Suharto dengan kerusakan : genteng &#177;60 buah, reng 115 buah, usuk 10 buah ukuran 3  m', 'hujan, mati lampu', '', 0, '', 0, 0, 0, 0, 0, 0, 0, 1, '2015-05-08'),
(6877, 481, '2015-02-09', '17:00:00', 1337, '5', '', '', 'hujan', 'longsoran batu menghalangi jalan', 'hujan yang terjadi sejak pukul 14.00 wib hingga pukul 16.00 wib menyebabkan kondisi tanah pada tebing labil sehingga terjadi longsoran berupa tanah dan batu, akibatnya batu berdiameter 110 cm menghalangi jalan. Evakuasi dilakukan oleh warga dengan membelah batu tersebut.', 'huajn', '', 0, '', 0, 0, 0, 0, 0, 0, 0, 1, '2015-05-08'),
(6878, 481, '2015-02-10', '06:00:00', 1097, '4', '7.55276', '110.234', 'hujan dan rembesan air', 'tebing longsor menimpa dapur rumah milik bpk sutarno', 'hujan deras terjadi sejak pagi sehingga pukul 06.00 wib terjadi longsoran yang menimpa rumah bagian dapur,pemilik rumah bp.sutarno(41th). (tatik nur listiana/istri),(raihan 17th),(huda revata nur evan 11th),(esi 3bln).', '', '', 0, '', 0, 0, 0, 0, 0, 0, 0, 1, '2015-05-08'),
(6879, 482, '2015-02-11', '17:20:00', 1362, '', '7.8234', '110.42025', '', 'merusak bangunan tinggi 3 m lebar 0.5 meter\n', 'pembuangan tungku / bara merambat ke bangunan tempat usaha pembuatan kripik yang terbuat dari kayu. Api dapat padam pukul 17.35..bangunan milik bpk maryono 47 th', '', '', 0, '', 0, 0, 0, 0, 0, 0, 0, 1, '2015-05-08'),
(6880, 483, '2015-02-11', '23:00:00', 1343, '2', '7.8662', '110.43872', 'hujan disertai angin kencang', 'pohon jati tumbang menimpa bangunan rumah dan dapur semi permanen ukuran 2 X 5 M\nkerusakan :\nAsbes 3 Bh\nGenteng 200 Bh\nUsuk Bambu 16 btg\nReng Bambu 2 x 3 m= 30  Btg\nUsuk Kayu 4 Btg, usuk bambu 2 meter', 'hujan disertai angin menyebabkan pohon jati diameter 35 cm milik bapak supoyo  tumbang menimpa bangunan dapur milik Bp.  Wahyudi (34)  jumlah jiwa 3 saat kejadian mengungsi kerumah orang tua karena trauma', '', '', 0, '', 0, 0, 0, 0, 0, 0, 0, 1, '2015-05-08'),
(6881, 481, '2015-02-11', '23:00:00', 1363, '1', '07.87680', '110.44042', 'hujan', '1 dapur rumah ertimpa longsoran tanah', 'pada tgl 11 pukul 23.00 terjadi tanah longsor yang menimpa dapur rumah Bpk. Rubidi Umu 34 th pada bagian tembok dapur.longsoran disertai batu hitam berdiameter &#177; 50 cm menimpa tembok yang terbuat dari bata merah, luasan longsor panjang &#177; 4m tinggi 5 m dan panjang retakan tembok 1 m .tidak ada korban jiwa .Penguni rumah ada 3 jiwa Surantu (34 th), sunia (7th) update jam : 12 42  14 feb 2015 kirim logistik', '', '', 0, '', 0, 0, 0, 0, 0, 0, 0, 1, '2015-05-08'),
(6882, 483, '2015-02-11', '23:00:00', 1151, '3', '7.88338', '110.4415', 'hujan disertai angin kencang', 'pohon jati berdiametre 15cm roboh menimpa tiang listrik dan 1 rumah. Kerusakan pada genteng jumlah 10 biji', 'huhan disertai angin menyebabkan pohon jati berdiametre 15cm roboh menimpa tiang listrik dan rumah milik ibu. Wagirah', '', '', 0, '', 0, 0, 0, 0, 0, 0, 0, 1, '2015-05-08'),
(6883, 488, '2015-02-12', '13:30:00', 567, '4', '07.82800', '110.5154', 'hujan', 'Mengancam dapur rumah,kandang ayam milik bapak sagiman. Panjang retakan &#177; 20 m, tinggi &#177;5-6 meter', 'Tanah amblas di dekat dapur rumah, kandagn ayam milik bapak sagiman.\nMengancam dapur,kandang,jalan cor ,rumah bapak suhar,rumah bapak surono. Telah amblas &#177; 50 cm di sisi timur,&#177; 50 cm  di sisi barat .\nJumlah penghuni rumah bapak sagiman: sagiman 27,lestari 27 ,kanaya 5 ,mangun 70.\nRencana bapak sagiman membuat  tanggul dari tanah supaya air tidak masuk di retakan tanah\n', '', '', 0, '', 0, 0, 0, 0, 0, 0, 0, 1, '2015-05-08'),
(6884, 481, '2015-02-12', '21:00:00', 1364, '1', '', '', 'hujan', 'mengancam 1 rumah ', 'jalan kampung tergerus dengan luasan panjang 5 m dan tinggi 4m apabila turun hujan dikhawatirkan akan terjadi longsor susulan yang. mengancam rumah bpk. Sartono jumlah kk . Pak sartono (35 th ) Sunarsih (30th ) erna(10 ) Dinda (5 )', '', '', 0, '', 0, 0, 0, 0, 0, 0, 0, 1, '2015-05-08'),
(6885, 481, '2015-02-12', '03:30:00', 1365, '7', '07.86142', '110.43462', 'hujan', 'longsor luasan tinngi 20m dan panjang 20m.', 'hujan deras yang menyebabkan tebing longsor bermuatan pohon dan bebatuan , salah satupohon mengenai kamar mandi dengan diameter pohon 20 cm . Panjang longsor &#177; 20 m dan tinggi 20 m . Akibat dari longsoran tersebut menutup saluran air dan ada potensi longsoran susulan.  terancam 1rumah dengan KK Rudatin 55th ) hartati 40 th, sumardiyanto 13 th,dadang sigit (11th) narti (8th). akan dilaksanakan kerjabaktipada hari minggu 15 februari 2015', '', '', 0, '', 0, 0, 0, 0, 0, 0, 0, 1, '2015-05-08'),
(6886, 481, '2015-02-12', '14:00:00', 567, '5', '', '', 'hujan', 'tebing jalan longsor dengan luasan 6x4 m.', 'longsoran mengenai jalan namun tidak menganggu akses jalan kampung.', '', '', 0, '', 0, 0, 0, 0, 0, 0, 0, 1, '2015-05-08'),
(6887, 481, '2015-02-13', '22:00:00', 1366, '1', '', '', 'hujan', 'longsor mengenai tembok kamar ', 'hujan deras mengakibatka longsor mengenai tembok kamar dengsn ukursn psnjsng 10m dan lebar 8m,tidak ada kerusakan namun ada potensi longsor susulan. Terdiri dari 2kk atas nama( ahmad subekti,satirah),dan (arjo pawiro,eko prasetyo,agus dian saputra,ahmad nur huda,agus).', '', '', 0, '', 0, 0, 0, 0, 0, 0, 0, 1, '2015-05-08'),
(6888, 484, '2015-02-13', '21:43:00', 1180, '1', '', '', '', 'menghalangi jalan', 'pohon tumbang melintang di jalan', 'mendung', '', 0, '', 0, 0, 0, 0, 0, 0, 0, 1, '2015-05-08'),
(6889, 485, '2015-02-13', '18:00:00', 1264, '4', '07.84175', '110.47178', 'hujan', 'rumpun bambu maenutup aliran sungai', 'hujan beberapa hari yang menyebabkan sungai tergerus(erosi sungai ) dan mengakitkan dapuran bambu yang berada di pinggiran sungai roboh dan menutup aliran sungai. Terkait kejadian erosi sungai tersebut langsung dilimpahkan ke dinas/instansi terkait dalam hal ini dinas SDA, bp. karyono, cp: 087739008002', '', '', 0, '', 0, 0, 0, 0, 0, 0, 0, 1, '2015-05-08'),
(6890, 483, '2015-02-14', '15:30:00', 1162, '0', '7.81249', '110.40951', 'hujan disertai angin', 'menghalangi jalan', 'hujan disertai angin yang terjadi pada siang hingga sore menyebabkan pohon beringin diameter &#177; 50 cm tumbang dan melintang dijalan sehingga aus lalu lintas terganghgu', 'huan disertai angin', '', 0, '', 0, 0, 0, 0, 0, 0, 0, 1, '2015-05-08'),
(6891, 481, '2015-02-14', '15:00:00', 1344, '1', '7.89669', '11048759', 'hujan selama 3 hari', 'pondasi dan tembok rumah milik bp yusuf dan bpabdul munif tertimbun longsoran tanah', 'hujan 3 hari berturut-turut menyebabkan terjadinya pergerakan tanah pada tebing belakang rumah dan mengakibatkan pondasi dan tembok rumah sepanjang 20 m milik bp. Yusuf dan bp. Abdul munif tertimbun longsoran tanah sepanjang 15 m dan tinggi timbunan 1 m. tinggi tebing 5 m. Pada hari minggu dilaksanakan kerja bakti mulai pukul 06.00 wib yang dilakukan oleh warga setempat dibantu jajaran relawan. pengiriman logistikuntuk kerja bakti untuk 150 orang berupa: 3 dus lauk pauk , 1 dus tambahan gizi, 2 dus mie instan, 3 kg gula pasir', 'hujan', '', 0, '', 0, 0, 0, 0, 0, 0, 0, 1, '2015-05-08'),
(6892, 484, '2015-02-16', '15:00:00', 855, '3', '7.91747', '110.28436', 'angin', 'batang pohon akasia dan kabel listrik PLN', 'batang pohon Akasia berdiameter 17 cm patah dan mengenai kabel listrik yang melintan dijalan, menyebabkan kabel putus dan membahayakan, tim assesmentmeminta bantuan PLN untuk mengkondisikanm.info kejadian dari Bpk. Agung cp. 081804282817 (rekan pak Kasie TD Log).', '', '', 0, '', 0, 0, 0, 0, 0, 0, 0, 1, '2015-05-08'),
(6893, 484, '2015-02-23', '14:45:00', 594, '4', '7.89071', '110.35545', '', 'jaringan listrik', 'pohon kelapa tumbang menimpa jarinngan listrik', 'mndung', '', 0, '', 0, 0, 0, 0, 0, 0, 0, 1, '2015-05-08'),
(6894, 482, '2015-02-24', '22:15:00', 1367, '2', '7.79007', '110.40907', '', '1 kamar kost', 'kebakaran terjadi disebabkan oleh sambaran lilin yang mengenani kasur. mengakibatkan (satu) kamar kost milik bpk. Sadli (75th). Kerugian materiil berupa laptop, kasur, tv, dispensir, galon, peralatan, dan seragam.', 'mendung', '', 0, '', 0, 0, 0, 0, 0, 0, 0, 1, '2015-05-08'),
(6895, 484, '2015-02-27', '04:00:00', 1350, '2', '7.84075', '110.38143', '', '1 rumah rusak', 'Pohon Bendodengan diameter 150 cm dan tinggi ohon 25 m milik Bpk. Ahmad Diharjo  desa kauman kampung maesan ,keropos dan tumbang menimpa rumah milik Bpk. Dimas Cahyadi (30th) yang sedang dikontrakan kepada Keluarga Bpk. Bagus Sarwoko(46 th ), Istri = Ibu Umi Sri Rejeki ( 50 th dan ketiga anaknya yitu :farel (9th ) ,Vano (8th), Saras (17 th ). Ibu umi sempat dilarikan ke RS Wirosaban Karena shock dan diberikan obat jalan       .(1.)  Kerusakan material berupa  genteng = 1250 buah, usuk (5/7 x 4 m )= 35 buah, reng ukuran 2 m = 50 buah, asbes ukuran 3m = 5 buah , ternit 30 buah, tembok 20 m2, molo (8/12 x4m )= 2 buah\n(2).  kamr tidur ukuran 4x 4 m, kamr tamu 3x4 m, teras rumah2x3 m, garasi 3x5 m  \n', 'mendung', '', 0, '', 0, 0, 0, 0, 0, 0, 0, 1, '2015-05-08'),
(6896, 482, '2015-02-26', '17:00:00', 703, '5', '', '', '', '1 rumah terbakar', 'kebakaran terjadi pada pukul 17.00 wib, membakar 1 rumah ilik bp. Saipul malkam. Kergian berupa: \n20 lembar tikar, 40 lembar sajadah, 5 unit lemari(ukuran sedan 3 unit, kuran kecil 2 unit), pakaian, berkakas. Penyebab belum diketahui dan hari minggu tanggal 1 maret 2015 akan dilaksanakan kerja bakti. cp. bp saipul malkan: 085743097999', 'cerah', '', 0, '', 0, 0, 0, 0, 0, 0, 0, 1, '2015-05-08'),
(6897, 484, '2015-03-03', '07:30:00', 1371, '', '7.85902', '110.35453', '', 'akses jalan tertutup', 'pohon asem kranji dengan diameter &#177; 20 cm tumbnag menutup akses jalan parngtritis km 7,4 . Tidak ada korban jiwa ', 'cerah ', '', 0, '', 0, 0, 0, 0, 0, 0, 0, 1, '2015-05-08'),
(6898, 484, '2015-03-04', '08:00:00', 803, '1', '7.07317', '110.29031', '', 'jaringan listrik putus', 'pohon kelapa tumbang menimpa jaringan kabel listrik diameter pohon &#177; 30cm,tidak ada korban jiwa,pemilik pohon bpk.ristijo(08157857993)', 'mendung', '', 0, '', 0, 0, 0, 0, 0, 0, 0, 1, '2015-05-08'),
(6899, 483, '2015-03-04', '08:30:00', 1369, '1', '7.95653', '110.37521', '', '1 rumah  milik bpk sagiyono rusak', 'pohon kelapa diameter &#177; 30m panjang &#177;12 m,dan pohon jati diameter &#177; 50m panjang &#177; 13m tumbang menimpa bagian kamar tamu,kamar tidur,teras. Tidak ada korban jiwa dihuni 3 jiwa terdiri (sagiyono63th,waliyem 58th,sumadiono 32th). Jenis material yang rusak seng teras 5/7 x 3m  ,genteng kamar tidur usuk 5/7 x 3 m ,genteng kamar tamu reng 2/3 x 2m dan 1 buah meja rusak( seng 5 lembar,usuk 5 batang,genteng 300biji,reng 4 biji 2meteran). nomer yang dapat dihubungi (087738227452 bp sagiyono).', 'mendung', '', 0, '', 0, 0, 0, 0, 0, 0, 0, 1, '2015-05-08'),
(6900, 484, '2015-03-05', '04:30:00', 1349, '4', '7.8434', '110.34604', '', 'menutup akses jalan ', '  Pohon jenis asem kranji dengan diamter 40cm tumbang dikarenakan bagian bawah  pohon lapuk. menutup bahu jalan serta memutus kabel listrik dan telpon .akses jalan bantul sempat tertanggu, tiba-tiba terdengar suara reruntuhan kemudian saksi menelepon PMI. sumber informasi:bp. karyadi(087838389595)', 'hujan', '', 0, '', 0, 0, 0, 0, 0, 0, 0, 1, '2015-05-08'),
(6901, 482, '2015-03-06', '02:10:00', 1346, '1', '7.95114', '110.3706', '', 'dapur terrbakar dengan kerusakan genteng kripik 500 bij, usuk bambu 25 buah 5meteran, reng bambu 15 buah 3 meteran, wajan 3 buah ,ember ', 'kayu yang sedang dikeringkan diatas tungku membakar dinding bagian dapur semipermanen  rumah bpk. Kardiyono(42)th. Nihil korban jiwa cp(085229791577 bpk kardiyono )', '', '', 0, '', 0, 0, 0, 0, 0, 0, 0, 1, '2015-05-08'),
(6902, 481, '2015-03-08', '07:15:00', 1151, '3', '7.8857', '110.44433', '', 'pipa air terputus menghambat aliran air ke 7 RT (Dukuh Cegokan sebanyak 4 RT dan Dusun Depok 3 RT) dan tiang listrik mati', '..- Hujan deras yang terjadi dari siang (14.00 WIB, 07 maret 2015) hingga malam hari mengakibatkan keadaan tanah di sekitar pinggir jalan menjadi tidak stabil. \n- Pukul 07.15 WIB warga menjumpai longsoran tanah yang berada di pinggiran jalan (8m x 3m) dan mengakibatkan tiang listrik (kode pool 46)  yang berada di atasnya ikut tereret.\n- Longsor yang terjadi juga mengakibatkan pipa air milik warga yang berada di pinggir jalan tersebut terputus (digunakan untuk mengaliri air yang bersumber dari Desa Terong dan diperuntukkan warga Dukuh Cegokan sebanyak 4 RT dan Dusun Depok 3 RT). tindakan yang dilakukan:  a. Dilaksanakan kerja bakti membenahi pipa air oleh warga Cegokan (7 orang) dan warga Depok (3 orang) ; b. Memasang aliran listri sementara menggunakan travo oleh PLN Dlingo (2 orang)\n', 'mendung', '', 0, '', 0, 0, 0, 0, 0, 0, 0, 1, '2015-05-08'),
(6903, 489, '2015-03-01', '10:00:00', 795, '4', ' -8.009873', '110.283014', '', '', 'ditemukan korban, setelah diidentifikasi dilokasi oleh yang berwajib ( pusk kretek dan polsek ), dinyatakan meninggal,,,tanpa identitas,,,,JK laki-laki. selanjutnya korban dievakuasi oleh tim SAR paris dan Polsek kretek, disaksikan pihak desa tirtohargo dan koramil kretek, dibawa ke RS Sardjito untuk visum et reperteum.....\nupdate tgl minggu 8 maret 2015...hari kamis 5 maret 15, korban dimakamkan di pemakaman muneng desa tirtohargo,,,sampai ada keluarga yang menemukan....hari sabtu keluarga korban menghubungi polres bantul dan menyatakan korban masih keluarga, korban bernama edy nurohman (25 th) islam, laki-laki, alamat Jonggrangan srihardono pundong, yang pergi malam minggu (sabtu 28/02/2015) dan dan tidak pulang kerumah sampai pada saat ini...setelah dilakukan crosscek,,,pada hari minggu  tgl 08/03/15 makam di bongkar dan di pindah ke makam jonggrangan (pundong rt 04 sriharjo), b. jawadi???', '', '', 0, '', 0, 0, 0, 0, 0, 0, 0, 1, '2015-05-08'),
(6904, 481, '2015-03-07', '00:00:01', 1153, '2', '', '', '', '', 'hujan deras dari siang hingga malam menyebabkan pondasi pekaranluasan 5mx3m ambrol milik bpk poniran(55th) dan bpk. Sukijan(52th). Tanah ada retakan lebih 10cm panjang 15m,sementara rekahan dikondisikan dengan menutup kembali dengan tanah. bpk poniran(saminah 50th,ftriyulianti 23th,lanjaritun 26th), bpk. sukijan(napsiah 52th,mufitdah 34th,sriwahyuni 22th,budiyanto 20th).', '', '', 0, '', 0, 0, 0, 0, 0, 0, 0, 1, '2015-05-08'),
(6905, 484, '2015-03-09', '21:45:00', 1352, '6', '7.89726', '110.33705', '', '', 'pohon waru diameter 30cm tumbang menutup akses jalan di timur polsek bantul. Sumber info bpk. Hardiman (081904207775)', '', '', 0, '', 0, 0, 0, 0, 0, 0, 0, 1, '2015-05-08'),
(6906, 484, '2015-03-09', '20:30:00', 1370, '8', '7.88042', '110.33624', '', '', 'pohon preh diameter 30cm tumbang di depan gereja klodran dan menutup pintu masuk. Sumber informasi bpk. Subarman (081931706752)', '', '', 0, '', 0, 0, 0, 0, 0, 0, 0, 1, '2015-05-08'),
(6907, 483, '2015-03-09', '20:00:00', 1372, '1', '7.862', '110.35234', '', 'menutup akses jalan dan menimpa kandang kelompok dengan luasan  8x4 m', 'pohon jenis mangga dengan diameter 50 cm milik widyaningrum  tumbang menutup akses jalan  dan menimpa kandang , tidak ada korba jiwa .saksi bpk jaidi : 085100604227', '', '', 0, '', 0, 0, 0, 0, 0, 0, 0, 1, '2015-05-08'),
(6908, 490, '2015-03-09', '21:30:00', 1373, '1', '7.87733', '110.31812', '', 'musola al - jupri tersambar petir', 'hujan disertai angin dan petir yang terjadi menyebabkan musola al jupri tersambar petir dengan ukuran 5x7 m , tidak ada korban jiwa namun terjadi kerusakan pada : 1 buah kipas angin,1 buah toa, jaringan listrik 450 volt rusak, 1 buah blandar ukuran 8 m. saksi bp.zahri cp :08522900489', '', '', 0, '', 0, 0, 0, 0, 0, 0, 0, 1, '2015-05-08'),
(6909, 484, '2015-03-10', '14:00:00', 1374, '6', '0', '0', '', 'kerusakan : \n1. genteng 100 biji\n2.wuwung 10 buah\n3usuk 5/7 3meteran 7 batang\n4. reng 2/20 ,2meteran 6 batang', 'pohon tumbang menimpa atap rumah bpk. Wakiran , dan mengaibatkan kerusakan pada atap', '', '', 0, '', 0, 0, 0, 0, 0, 0, 0, 1, '2015-05-08'),
(6910, 484, '2015-03-11', '04:00:00', 1375, '6', '7.90853', '110.37274', '', 'menutup akses jalan barongan jetis', 'pohon munggur dengan diameter 60 cm roboh dan menutup akses jalan barongan jetis . Arus lalulintas sempat macet karena jalan tersebut tidak dapt dilewati , menurut keterangan saksi pohon tumbsng, setelah diguyur hujan  deras semalaman , sara pohon tumbang terdengar cukup keras.', 'hujan', '', 0, '', 0, 0, 0, 0, 0, 0, 0, 1, '2015-05-08'),
(6911, 483, '2015-03-11', '11:30:00', 1376, '5', '7.89607', '110.35829&#176;', '', 'akses jalan tertutup', 'pohon cemara diameter 40 cm diterpa angin kencang dan tumbang menutup bahu jalan raya ', '', '', 0, '', 0, 0, 0, 0, 0, 0, 0, 1, '2015-05-08'),
(6912, 481, '2015-03-12', '12:00:00', 1286, '2', '7.83651', '110.49095', '', '1. rumah bp. Jumadi (57th,3kk,8 jiwa)\n2. jalan kampung dengan cor blok sepanjang 15 m amblas dan retak retak', 'tanda tanda pergerakan tanah sudah terlihat di bulan februari\ntgl 4 maret terjadi longsoran yang mengenai tembo dapur milik. Bpk jumadi , dimungkinkan bila terjadi hujan deras kembali akan ada ancaman longsor susulan  dengan volume 25 x 15 yang mengancam 2 rumah ainnya  mbh hudi (80th),bp.suhari (55th 3jiwa)', '', '', 0, '', 0, 0, 0, 0, 0, 0, 0, 1, '2015-05-08'),
(6913, 481, '2015-03-12', '19:30:00', 1377, '', '7.94673', '110.41894', '', 'rekahan pada tebing mengancam rumah (bp.sagiman, bp.sagilan, bp.sagimin) longsor mengenai rumah utama dan tembok dapur, luasan 5m x 10 m dan 10 m x10 m', '1. terdengar suara gemuruh &#177;pada jam 19.30 kemudian di cek oleh pemilik rumah ( ibu kaliyem 65 th dan bp sugeng 24 th), tanah longsor sudah mengenai dapur, terdapat rekahan pada tebing dibelakang rumah &#177;panjang 65 m ,tinggi 10 m. untuk luasan 5m x10 m dan 10 mx 10m, jumlah material yang rusak dinding kayu/ gedek jumlah 3 lembar (3m x4m),usuk atau blandar , reng bambu 5 batang . penghuni sementara diungsikan ditempat bp. mujiran (anak). segera akan dilakukan kerjabakti . longsor mengancam rumah (bp sagiman .bp.sagilan.bp.sagimin  sumber informasi (bp.wakiman selaku rt 04) 081904153247', '', '', 0, '', 0, 0, 0, 0, 0, 0, 0, 1, '2015-05-08'),
(6914, 481, '2015-03-12', '21:00:00', 1378, '', '7.95726', '110.37434', '', 'kerusakan talud makam panjang 25 m dan tinggi 5m', 'menerima info terjadi tanah longsor di pinggir jalan / pondasi jalan siluk - kretek kejadian diperirakan pada malam hari dan diketahui oleh babinsa koramil imogiri pada jam 21.00 . Kerusakan talud makam dengan luasan panjang 25 m dan tinggi 5 m , untuk pemicu kejadian hujan deras  kemudian air hujan mengalir melewati pondasi pinggir jalan .status kepemilikan jalan pemerintah/umum jalan warga.sumber informasi bpk.sakijo babinsa koramil imogiri : 087838864455', '', '', 0, '', 0, 0, 0, 0, 0, 0, 0, 1, '2015-05-08'),
(6915, 481, '2015-03-12', '21:00:00', 1379, '', '', '', '', 'kerusakan jalan raya , pinggir pondasi jalan dengan luasan panjang 5 m dan tinggi 5m', 'menerima info terjadi tanah longsor pukul 21.00 wib dipinggir jalan dengan membawa material tanah dan pohon. Dengan luasan panjang 5m dan tinggi 5m,pemicu kejadian hujan air hujan mengalir melewati dinding tebing. Status kepemilikan jalan pemerintah/jalan warga. sumber informasi (bpk.giyatno) 0817547193', '', '', 0, '', 0, 0, 0, 0, 0, 0, 0, 1, '2015-05-08'),
(6916, 481, '2015-03-12', '23:00:00', 1353, '3', '7.90014', '110.41409', '', '2500000', ' hujan deras mengakibatkan tanah longsor dan pohon tumbang yang mengenai rumah ibu surip(sendiri) pada bagian kamar tidur dengan luasan 4x3m. Kerusakan pada bagian kamar dan cagak/blandar utama doyong. Perkiraan kerusakan mencapai &#177;2-3juta(usuk bambu12 biji,reng bambu 14biji,perabotan rumah,genteng keripik&#177;200biji,gedhek/dinding bambu 4 lembar). jenis pohon yang tumbang pohon sono &#177;15cm 2 pohon yang roboh. tebing tinggi &#177;6m panjang&#177;5m. sementara dilakukan gotong royong oleh warga dan TNI untuk perbaikan. sumber informasi dari bp.prabowo(081802281987)', '', '', 0, '', 0, 0, 0, 0, 0, 0, 0, 1, '2015-05-08'),
(6917, 484, '2015-03-16', '07:00:00', 773, '1', '7.8227', '110.32822', '', '3 asbes ukuran 3m', 'truk kontainer menyerempet pohon waru menyebabkan dahan patah dan menimpa kontainer.diameter dahan 30 cm mengakibatkan 3 buah asbes pada ruko milik bpk wandi rusak', '', '', 0, '', 0, 0, 0, 0, 0, 0, 0, 1, '2015-05-08'),
(6918, 484, '2015-03-22', '07:23:00', 1204, '1', '07.82972.', '110.39881', '', 'menimpa 2 rumah , pada bagian kamar tidur, dapur, ruang keluarga, kamar mandi', 'kejadian pada pukul 01.30 WIB. Jenis pohon beringin berdiameter 50cm cabang pohon yang  patang karena keropos mengenai 2 rumah milik  (1) bpk. Parmadi 60th terdiri dari 2kk atas nama kk pertama(widodo(58th),giyaningsih(58th),pawiro sekaton(85th),nanik(23th),wismu(21th) ). kk kedua arif haetanto(34th),selfi wulandari(33th),neca(14th),kelvin(12th),alya(9th),vive(5th). (2) bpk.subarjo(58th) terdiri 10 jiwa atas nama( subarja(58th),rahayu(53th),tri wijayanti(28th),agung sulistyo(25th),nanda prasetyo(20th),galih wijayanto(13th),ihwan arifudin(9th) ) logistik yang dikirim buat kerja bakti warga (mie instan 3 dus,lauk pauk 2 paket,tambahan gizi 1 paket,gula pasir 20 kg terpal 2 lembar,beras 15kg). logistik yang dikirim buat korban bpk. subarjo(lauk pauk 4 paket,gula pasir 20kg,beras 3 kg,sarden 14 kaleng,minyak goreng 4 ). bp widodo dab bpk.hartanto( lauk pauk 22 paket,tambahan gizi 11,mie 3 dus,gula 30kg, beras 5 plastik,sarden 22 kaleng,minyak ', '', '', 0, '', 0, 0, 0, 0, 0, 0, 0, 1, '2015-05-08'),
(6919, 487, '2015-03-22', '14:30:00', 828, '', '', '', '', '', 'info jajaran sar parangtritis terjadi laka laut nama nugraha jati susilo umur 10th,pelajar,islam. Kronologi kejadian ketika bermain air tak terasa sampai daerah palung terseret ketengah,korban sempat hilang 3 menit tim sar berusaha menolong,kemudian tertolong dalam kondisi kritis,korban dibawa diklinik dharma husada namun korban meninggal dalam perjalanan.', '', '', 0, '', 0, 0, 0, 0, 0, 0, 0, 1, '2015-05-08'),
(6920, 482, '2015-03-24', '14:45:00', 1352, '6', '', '', '', 'Melintang di jalan jalur cepat ring road selatan', 'Hujan di sertai angin pada pukul 14.30 WIB mengakibatkan pohon munggur diameter 50 cm tumbang dan melintang di jalan sehingga menutup akses jalan ring road selatan dari arah timur menuju kebarat  tidak ada kerusakan sumber informasi dari Polsek Banguntapan saksi mata Bp. Anshori ( 38 th ) dan bp. Sulistyo ( 70 th )', '', '', 0, '', 0, 0, 0, 0, 0, 0, 0, 1, '2015-05-08'),
(6921, 483, '2015-03-24', '15:00:00', 1380, '3', '07.82455', '110.40947', '', 'menimpa rumah usaha pemancingan dan menghalangi jalan', 'Hujan di sertai angin pada pukul 14.30 WIB mengakibatkan pohon munggur diameter 50 cm tumbang dan melintang di jalan sehingga menutup akses jalan ring road selatan dari arah timur menuju kebarat  tidak ada kerusakan sumber informasi dari Polsek Banguntapan saksi mata Bp. Anshori ( 38 th ) dan bp. Sulistyo ( 70 th )', '', '', 0, '', 0, 0, 0, 0, 0, 0, 0, 1, '2015-05-08'),
(6922, 483, '2015-03-24', '15:00:00', 1380, '4', '07.82698', '110.40852', '', 'menimpa rumah usaha pemancingan dan menghalangi jalan', 'Pohon munggur diameter 70 cm tumbang menimpa rumah tempat usaha pemancingan milik bp. Agus Purnomo ( 40 ) tahun Status tanah milik Bp. Warjono ( Kabag Pem Kelurahan Banguntapan ) sumber informasi Bp. Agus Purnomo / 0817469245.kerusakan:Asbes 3m 20 Lembar , Usuk 5/7 X 3 M 15 Batang, Blandar glugu 8/10 X 4 M 8 Batang ( Rumah semi permanen untuk tempat usaha Luasan 12 X 9 M)', '', '', 0, '', 0, 0, 0, 0, 0, 0, 0, 1, '2015-05-08'),
(6923, 483, '2015-03-24', '16:30:00', 1375, '2', '07.91443', '110.37386', '', 'menimpa jaringan listrik 3 phase lintas kecamatan', 'hujan di sertai angin menyebabkan pohon melinjo diameter 30 cm milik bp. Bajuri tumbang mengenai jaringan listrik 3 phase lintas kecamatan sehingga sebagian besar wilayah kecamatan jetis dan imogiri listrik padam. Sumber informasi PLN bantul 0274 367693', '', '', 0, '', 0, 0, 0, 0, 0, 0, 0, 1, '2015-05-08'),
(6924, 483, '2015-03-24', '17:00:00', 1381, '82', '07.853', '110.26033', '', 'menimpa 2 rumah ', 'hujan deras disertai angin menyebabkan pohon jenis randu diameter 40cm,tinggi 15 m menimpa 2 rumah. Pohon masih menumpang diatas rumah,sementara penghuni mengungsi dan menempati dirumah ke2,rencana besok pagi akan diadakan gotong royong dengan BASARNAS dan warga sekitar pada pukul 07.30 wib.', '', '', 0, '', 0, 0, 0, 0, 0, 0, 0, 1, '2015-05-08'),
(6925, 482, '2015-03-25', '16:20:00', 1382, '12', '07.90553', '110.352555', '', 'rumah tempat tinggal dan juga tempat usaha servis elektronik ukuran 9x6 m, yang terbakar ukuran 3x6 m, yaitu ruangan servis  ukuran 3x3 m dan kamar tidur ukuran 3x3 m.', 'rumah tempat tinggal dan juga usaha servis elektronik ukuran 9x6 m milik ibu ngatilah terbakar, adapun luas ruangan yang terbakar ukuran 3x6 m yaitu ruangan servis  ukuran 3x3 m dan kamar tidur ukuran 3x3 m. rumah dihuni 4 jiwa: purwoatmojo(89), ngatilah(70), rudianto(48) dan novia ika putri(17). penyebab kebakaran diperkirakan dari korsleting arus pendek listrik.\nkronologis kejadian: \n saksi(novia ika putri) tiba-tiba melihat api muncul dari kamar pada pukul 16.20 wib, rudianto yang berniat menyelamatkan barang berharga terkena luka bakar pada lengan kiri dan segera mendapat pertolongan dari tim medis. api dapat dipadamkan pada pukul 17.33 wib.\n kondisi penghuni rumah saat ini mengungsi dirumah kerabat (bp. maijan) di daerah manding.\nkerugian : \ngenteng= 350 buah,usuk kayu ukuran 5/7 x 3 m=18 batang, reng kayu ukuran 2/3x2 m= 23 batang, blandar kayu ukuran 8/12x3 m= 3 batang, peralatan elektronik, pakaian, kasur 2 buah dan peralatan masak\ncp: 089 668 711 65\n', '', '', 0, '', 0, 0, 0, 0, 0, 0, 0, 1, '2015-05-08'),
(6926, 483, '2015-03-26', '14:30:00', 1383, '2', '07.93290', '110.30813', '', '1 rumah rusak', 'hujan lebat disertai angin kencang menyebabkan pohon jenis munggur diameter &#177;60-70 cm tumbang menimpa rumah milik bp. Sadio(60)ukuran 12x5 m. Rumah dihuni bp. Sadio(60) ,ibu wasuyem(60) dan aan(34), tidak ada korban jiwa. Kerusakan pada :\n1. 2 kamar tidur ukuran 2,5x3m\n2. kamar tamu ukuran 4x5m\n3. kanopi dan kamar kosong ukuran 2,5x6,5m\njenis material:\ngenteng pres 500 bush\nternit jebol ukuran 15 meteran 15 lembar\nsaksi bp. sarijan, kerja bakti dilakukan pada hari jumat 27 maret 2015 oleh warga ,cp: 087 839 691 998(bp. dukuh)\n', '', '', 0, '', 0, 0, 0, 0, 0, 0, 0, 1, '2015-05-08'),
(6927, 483, '2015-03-26', '14:30:00', 1383, '3', '', '', '', 'dapur rumah ukuran 2,5x6m', 'hujan lebat yang disertai angin kencang menyebabkan pohon jenis randu diameter &#177;50 cm milik ibu rahayu tumbang dan mengenai atap dapur milik ibu rahayu(52).adapun kerusakan pada:\n1. dapur ukuran 2,5x6\n2. pagar bumi ukuran 1,25x2,5m\njenis material:asbes 3 m sebanyak 9 lembar\ntidak ada korban jiwa, saksi bp. aan(bp. dukuh),cp: 0274-640 430\n', '', '', 0, '', 0, 0, 0, 0, 0, 0, 0, 1, '2015-05-08'),
(6928, 483, '2015-03-26', '14:30:00', 1384, '1', '07.9024', '110.33286', '', 'tiang listrik dan jaringan listrik pln', 'hujan lebat yang diasertai angin kencang menyebabkan pohon jenis munggur diameter 35 cm milik bp. Surahman tumbang menimpa tiang listrik milik pln dan menyebabkan jaringan listrik terputus, tidak ada korban jiwa, terkait kejadian lasngsung dilaporkan kepada pihak terkait .', '', '', 0, '', 0, 0, 0, 0, 0, 0, 0, 1, '2015-05-08'),
(6929, 483, '2015-03-26', '14:30:00', 862, '1', '07.91558', '110.3101', '', 'teras ukuran 10x4 m', 'hujan lebat yang disertai angin kencang menyebabkan pohon jenis jambu diameter &#177;55cm tumbang menyerempet teras rumah milik bp.maman, tidak ada kerugian dan korban jiwa.cp: 087 839 654 000(bp.maman)', '', '', 0, '', 0, 0, 0, 0, 0, 0, 0, 1, '2015-05-08'),
(6930, 483, '2015-03-26', '14:30:00', 870, '3', '', '', '', 'mngenai jaringan telkom', 'hujan lebat yang disertai angin kencang menyebakan pohon jenis melinjo milik ibu satilah tumbang melintang dijalan dan mengenai jaringan telekom. Tidak ada korban jiwa. Terkait jaringan telkom segera dilaporkan kepada pihak terkait', '', '', 0, '', 0, 0, 0, 0, 0, 0, 0, 1, '2015-05-08'),
(6931, 483, '2015-03-26', '14:30:00', 1385, '3', '07.90523', '110.32125', '', '1 rumah rusak pada bagian atap', 'hujan lebat yang disertai angin kencang menyebabkan pohon jati dengan diameter 35cm,menimpa atap rumah milik bu harto dengan luasan &#177;3m,adapun jenis material berupa genting sebanyak 12 buah. Tidak ada korban jiwa', '', '', 0, '', 0, 0, 0, 0, 0, 0, 0, 1, '2015-05-08'),
(6932, 483, '2015-03-26', '14:30:00', 1386, '5', '', '', '', 'jaringan listrik wilayah samas rusak/mati', 'hujan lebat yang disertai angin kencang menyebabkan pohon jenis akasia diameter 40 cm milik pu/pemerintah, tumbang didepan pintu masuk rumah milik bp. April(44) dan menimpa jaringan dan tiang  listrik, sehingga menyebabkan penerangan lampu jalan samas dan wilayah sekitar mati. tidak ada korban jiwa', '', '', 0, '', 0, 0, 0, 0, 0, 0, 0, 1, '2015-05-08');
INSERT INTO `bencana` (`id_bencana`, `id_jenis_bencana`, `tanggal_bencana`, `waktu_bencana`, `id_lokasi`, `rt_lokasi`, `long_lokasi`, `lat_lokasi`, `sebab_bencana`, `cakup_bencana`, `deskripsi_bencana`, `kondisi_bencana`, `sumber_informasi`, `excel_bencana`, `name_excel`, `meninggal`, `hilang`, `ringan`, `berat`, `pengungsi`, `menderita`, `rusak`, `user_id`, `date_bencana`) VALUES
(6933, 483, '2015-03-26', '14:30:00', 870, '4', '07.92193', '110.30963', '', 'menutup akses jalan kampung', 'hujan lebat yang disertai angin kencang menyebabkan pohon jenis munggur diameter 50 cm dan pohon melinjo diameter 10cm milik ibu tin kasi(72)tumbang melintang dijalan sehingga menyebabkan akses jalan kampung terganggu. Tida ada korban jiwa', '', '', 0, '', 0, 0, 0, 0, 0, 0, 0, 1, '2015-05-08'),
(6934, 483, '2015-03-26', '14:30:00', 1387, '52', '07.92826', '110.34833', '', '1 rumah rusak pada bagian dapur ukuran 5x8m', 'hujan disertai angin kencang yang menyebabkan pohon jenis jati diameter 45 cm tumbang dan menimpa rumah pada bagian dapur milik bp.suparno(52) dengan ukuran 5x8 m, adapun kerusakan:\n-seng ukuran 2,4m sebanyak 2 lembar\n-tembok retak dengan p=10m,t=3m mengalami kemiringan\ntidak ada korban jiwa\n', '', '', 0, '', 0, 0, 0, 0, 0, 0, 0, 1, '2015-05-08'),
(6935, 483, '2015-03-26', '14:30:00', 1388, '8', '07.90679', '110.32768', '', 'menimpa  bagian atap teras rumah', 'hujan lebat yang disertai angin kencang menyebabkan pohon jenis mlinjo dengan diameter 25cm milik bp. Jiat tumbang dan mengenai atap teras rumah. Kerusakan pada bagian asbes ukuran 3 meteran seebanyak 2 lembar(namun masih dapat digunakan).tidak ada korban jiwa', '', '', 0, '', 0, 0, 0, 0, 0, 0, 0, 1, '2015-05-08'),
(6936, 483, '2015-03-26', '14:30:00', 1605, '7', '07.90741', '110.32798', '', 'menimpa jaringan listrik', 'hujan lebat yang disertai angin kencang menyebabkan 2 pohon melinjo diameter &#177;40cm dan  &#177;30cm milik bp. Damiri(50) tumbang dan menimpa jaringan listrik , untuk penanganan terkait jaringan listrik segera dilaporkan kepada pihak terkait untuk mempermudah evakuasi pohon tumbang. tidak ada korban jiwa, ', '', '', 0, '', 0, 0, 0, 0, 0, 0, 0, 1, '2015-05-08'),
(6937, 483, '2015-03-26', '14:30:00', 859, '1', '07.91869', '110.3036', '', '1 rumah rusak', 'hujan lebat yang disertai anginkencang menyebabkan 3 pohon jenis kelapa dengan diameter &#177; 40 cm milik bp wahdiyono tumbang dan menimpa rumah huni milik bp. Wahdiyono(47), adapun kerusakan pada bagian:\n1. rumah ukuran 4,5x6m\n2. dapur ukuran 4x8m\njenis material:\n-asbes =8 lembar\n-usuk kayu 3 meteran=20 batang\n-reng kayu 4 meteran-24 batang\n-genteng kripik=50 buah\njumlah jiwa ada 3 jiwa terdiri dari : wahdiyono(47), zaidah(46), danaarifin(12). tidak ada korban jiwa\n', '', '', 0, '', 0, 0, 0, 0, 0, 0, 0, 1, '2015-05-08'),
(6938, 483, '2015-03-26', '14:30:00', 859, '1', '07.91814', '110.30286', '', 'kandang sapi ukuran 4x6m roboh total', 'hujan lebat yang disertai angin kencang menyebabkan pohon jenis sukun dengan diameter &#177; 40 cm milik ruwanto dan pohon kelapa diameter 55cm milik mugiyono tumbang dan menimpa kandang sapi milik bp. Ruwanto(50) dan menyebabkan 2 ekor sapi pincang. Kondisi kandang roboh total. tidak ada korban jiwa. cp: 081 804 261 475(bu tini)', '', '', 0, '', 0, 0, 0, 0, 0, 0, 0, 1, '2015-05-08'),
(6939, 483, '2015-03-26', '14:30:00', 859, '5', '07.92285', '110.30193', '', '1 rumah rusak pada bagian dapur ukuran 5x7m dan teras samping ukuran 3x12m ', 'hujan lebat yang disertai angin kencang menyebabkan pohon jenis kelapa dengan diameter 55cm milik bp. sariyanto tumbang dan menimpa rumah milik bp. Sariyanto(35) pada bagian dapur ukuran 5x7m dan teras samping ukuran 3x12m.\nJenis kerusakan material:\n-reng 3 meteran=10 buah\n-genteng kripik  160 lembar\n- asbes 3 meteran=4 lembar\ntidak ada korban jiwa, cp: 087 860 528 607(sariyanto)\n', '', '', 0, '', 0, 0, 0, 0, 0, 0, 0, 1, '2015-05-08'),
(6940, 483, '2015-03-26', '14:30:00', 1390, '3', '07.93458', '110.32222', '', 'atap bangunan usaha ukuran 5x8m', 'hujan deras yang disertai angin kencang menyebabkan pohon jati diameter 40 cm menimpa bangunan usaha milik bp. Srijoko utomo(42).kerusakan pada bagian atap, adapun jenis kerusakan material berupa seng sebanyak 7 lembar dan tembok retak,tidak ada korban jiwa ', '', '', 0, '', 0, 0, 0, 0, 0, 0, 0, 1, '2015-05-08'),
(6941, 483, '2015-03-26', '14:30:00', 866, '3', '07.92986', '110.29911', '', '2 rumah rusak  dengan ukuran masing-masing \n-rumah 1 ukuran 5x9m\n-rumah 2 ukuran 3x4m\n', 'hujan disertai angin kencang yang menyebabkan pohon jenis kelapa dengan diameter 35 cm milik bp. Tri tumbang dan menimpa 2 rumah , rumah no.1 milik bp. Marso utomo(59) dan rumah no.2 milik bp.suhari(58).selain itu buah kelapa jatuh didalam rumah dan menimpa bahu kiri Bp Marso sehingga Patah Tulang /Engsel, sempat dirawat di RS Elisabet tetapi atas permintaan sendiri rawat jalan.\nukuran kerusakan:\n-rumah no.1 bagian utama luasan 5x9m\n- rumah no.2 bagian teras luasan 3x4m\nkerusakan jenis material:\n-rumah no.1 : \nblandar              = 1 batang\nusuk kayu         =2 batang\nreng                     =8 batang\ngenteng kripik=200 buah\n-rumah no.2 genteng pres=150 buah\n', '', '', 0, '', 0, 0, 0, 0, 0, 0, 0, 1, '2015-05-08'),
(6942, 483, '2015-03-26', '14:30:00', 862, '4', '07.91568', '110.30803', '', 'jalan kampung', 'hujan yang disertai angin kencang menyebabkan pohon jenis melinjo dengan diameter 40 cm milik bp. Sosro sumiran (alm) tumbang dan melintang dijalan , sehingga menutup akses jalan kampung. Tidak ada korban jiwa', '', '', 0, '', 0, 0, 0, 0, 0, 0, 0, 1, '2015-05-08'),
(6943, 484, '2015-03-27', '16:00:00', 805, '2', '07.95836', '110.27837', '', 'makam bagian atap bangunan makam(cungkup).\nCungkup 1 ;&#177;2,5 x 5m\ncungkup 2 : &#177; 2x2 m\n', 'menerima info pohon tumbang,pohon jenis kelapa diameter&#177;30cm milik rejo utomo(80th) menimpa makam sasonoloyo lesan tirtomulyo dan jaringan listrik milikPLN. Tidak ada korban jiwa saksi ibu pandi suwarno(70th). Pemicu pohon tumbang karena akar lapuk. kerusakan atap bangunan makan(cungkup).\n1.) cungkup pertama (usuk glugu 5/7 2m &#177;25 biji,reng kayu 2/3 2m &#177;500biji,molo glugu 8/12 5m &#177;1 biji,genteng kripik &#177;600biji).\n2.) cungkup kedua (usuk glugu 5/7 3m &#177;2biji,genteng pres &#177;50biji).  saksi ibu pandi suwarno(70th). no yang dapat dihubungi 087839533860 (bpk.ambyah 55th). evakuasi TGL 28-03-2015 dimulai jam 08.00 wib-10.00 wib olehTRC,PBK,PLN dan warga rencana akan diperbaiki pemilik dan warga.\n', '', '', 0, '', 0, 0, 0, 0, 0, 0, 0, 1, '2015-05-08'),
(6944, 484, '2015-03-28', '07:00:00', 1391, '2', '7.95881', '110.27846', '', 'rumah pokok (kamar tamu dan kamar tidur).', 'pohon jenis kelapa diameter&#177;30cm,milik bpk.kamisan tumbang menimpa rumah. Rumah dihuni bpk kamisan(44th),samidah(43th),erik (12),dika(9th) tidak ada korban jiwa. Nomer yang dapat dihubungi 087839533860(pak dukuh ambyah). kerusakan jenis material : \nreng kayu 2/3 4m &#177;4biji\nusuk glugu 5/7 3m &#177;4biji\nasbes 2,4 m 1 lembar \n\\''\\''kerusakan sudah diperbaiki oleh pemilik! informasi kejdian baru di infokan ke tim TRC bersamaan saat asessment (tgl 28)  terkait kejadian pohontumbang tumbang tgl 27 di Plesan rt02\\''\\''\n', '', '', 0, '', 0, 0, 0, 0, 0, 0, 0, 1, '2015-05-08'),
(6945, 481, '2015-03-28', '22:00:00', 1392, '1', '7.89939', '110.322', '', 'Tembok sisi timur rumah (samping kamar tamu) dengan ukuran 2,75 x 6m', 'tanda tanda yang muncul 1minggu sebelumnya sudah terjadi longsor tetapi materialnya cuma sedikit.\nLongsoran terjadi saat pemilik rumah(6x9)  (I KK,3 jiwa) tertidur milik Bp Pariyo(32) , istri Dwi Riyas (28), anak Miftah (4,5);Tidak ada korban jiwa, namun korban masih ketakutan dengan adanya longsoran susulan, sehingga pada saat itu juga penghuni mengungsi ditempat tetangga.;jenis material ; \nbatu bata 1650 biji\ngenteng kripik(tritis) 100 biji\nusuk 5/7x60 cm (tritis) 15 biji\ndipan 1,5m x 2m 1 buah\nsumber info bpk sugiyanto(kesra 08783946230)\n', '', '', 0, '', 0, 0, 0, 0, 0, 0, 0, 1, '2015-05-08'),
(6946, 481, '2015-03-28', '03:00:00', 1393, '1', '07.96015', '110.42136&#778;', '', 'Tembok samping rumah dengan ukuran  Tinggi 1,5m dan Lebar 2m, panjang 5m', ' Material longsoran menimpa rumah Bp. Giman (67).  Tidak ada korban jiwa dan kerusakan,Melakukan pendataan dan pengiriman logistik untuk kerja bakti. (mie instan 3 dos,lauk pauk 2 dos,gula pasir4 dos,beras 4plastik,makanan tambahan gizi 1 dos. ) ', '', '', 0, '', 0, 0, 0, 0, 0, 0, 0, 1, '2015-05-08'),
(6947, 481, '2015-03-28', '03:00:00', 1394, '9', '07.97649&#778;', '110.38931', '', 'Akses jalan tetap masih digunakan baik roda 2 maupun roda 4', 'Minggu pukul 03.00wib saat hujan deras,tebing disamping jalan srunggo banyumeneng giriharjo pangang longsor dan menutup separuh jalan. Material tanah &#177;53 dan sampai tadi pagi blm ada penanganan dari warga.', '', '', 0, '', 0, 0, 0, 0, 0, 0, 0, 1, '2015-05-08'),
(6948, 481, '2015-03-28', '21:30:00', 1395, '2', '07. 89940', '110.32196', '', 'Atap rumah (rusuk 2,reng 3,genteng 25) dan kabel penerangan jalan', 'Luas longsoran: Panjang 15 m, Tinggi 10 m\nMaterial longsoran menutup jalan utama Seropan,tangkil dan memutus kabel penerangan jalan.\nMatrial longsoran membawa pohon dan menimpa atap rumah Ibu Rukimin, sumber info: Bp Suwardi, Carik Muntuk, 085228983514\n', '', '', 0, '', 0, 0, 0, 0, 0, 0, 0, 1, '2015-05-08'),
(6949, 481, '2015-03-28', '22:30:00', 1395, '4', '07.82834', '110.44271', '', 'material longsor mengenai dinding rumah', 'hujan deras menyebabkan tanah longsor, material mengenai rumah bpk. Slamet Kiswanto (47th) penghuni pemilik sendiri bersama Ibu  Ngatiyem (45 th) dan Saiful Anwar  (20th) . Lokasi tebing longsor dengan rumah memiki jarak  2m, Luasan longsoran: Tinggi 6 M, Panjang 8 m M108,  untuk saat ini tidak ada kerusakan berat tetapi material longsoran masuk kedalam rumah. Sumber info: bp Joko Susilo Dukuh, 085228178215', '', '', 0, '', 0, 0, 0, 0, 0, 0, 0, 1, '2015-05-08'),
(6950, 481, '2015-03-28', '22:30:00', 1396, '5', '07.92573', '110.44267', '', 'menutup akses jalan kampung', 'Hujan lebat pd pukul 22.30WIB menyebabkan tanah longsor yg materialnya menutup akses jalan kampung di Dusun karangasem dan Seropan. Luas longsoran panjang 8m, tinggi 5 m.pondasi jalan berasal dari imbunan material (urug) sehingga tdk kuat menahan gerusan air.', '', '', 0, '', 0, 0, 0, 0, 0, 0, 0, 1, '2015-05-08'),
(6951, 481, '2015-03-28', '22:00:00', 1397, '1', '07.93353', '110.44392', '', 'menutup aliran sungai atau buangan air hujan dan mengancam rumah', 'Hujan deras pada pukul 22.00 WIB menyebabkan  tanah longsor dg tinggi 10 m dan panjang 20 m, longsoran menyebabkan rekahan disamping rumah bpk. Rusdianto (58th) jarak antara rekahan dengan rumah 2 meter.', '', '', 0, '', 0, 0, 0, 0, 0, 0, 0, 1, '2015-05-08'),
(6952, 481, '2015-03-28', '22:00:00', 1304, '16', '07.93170', '110.4267', '', 'menutup akses jlan propinsi imogiri-dlingo, pipa air putus', 'hujan lebat pd pukul 22.00 wib mengakibatkan longsor deg tinggi 6 m panjang 4 m, material longsoran menutup akses jalan dan memutuskan saluran air yang menghubungkan 3 wilayah (RT) di mangunan, sumber info bpk. Widodo', '', '', 0, '', 0, 0, 0, 0, 0, 0, 0, 1, '2015-05-08'),
(6953, 481, '2015-03-28', '23:00:00', 1303, '6', '07.92898', '110.42361', '', '4x6 m mengenai jalan kampung dan mengancam kandang ternak ayam warga', 'hujan lebat pada pukul 23.00 wib mengakibatkan tanah longsor yang menutup akses jalan kampung dan mengancam kandang ternak ayam milik Bpk. Rujiman, material membawa dapuran empring dan batuan (dari pondasi jalan)', '', '', 0, '', 0, 0, 0, 0, 0, 0, 0, 1, '2015-05-08'),
(6954, 481, '2015-03-28', '23:00:00', 1090, '4', '07.94633', '110.38903', '', 'longsor panjang 15m, dan tinggi 7 m, mengancam rumah', 'Luas longsoran: Panjang 15 m, tingg 7 m telah mengancam rumah ibu kholifah dan bak air (yang berada tepat diatas tebing longsoran), dan mengakibatkan pondasi rumah terlihat dengan jelas, Material longsoran menutup aliran air (selebar 1,5m ) yang berada tepat di bawahnya (jika hujan potensi untuk terjadi luapan air), - Sebelumnya pada tanggal 12/03/15 pernah terjadi longsoran dan oleh warga dikondisikan dengan  membuat patok dari bambu, - Kejadian longsor tgl 29/03/13 mendesak patok bambu dan menimbun aliran sungai yang berada tepat disebelah. Sebelah aliran air terdapat  jalan kampung, jika dibiarkan akan ikut menutup akses jalan. Sebelumnya di tempat yang saman terjadi pohon tumbang (pohon Asem ) dengan diameter 35cm , tumbang akibat angin pada tgl 24/03/2015 yang menutup jalan kampung, tetapi masih bisa dilewati roda 2. (diambil alih oleh pemilik pohon)', '', '', 0, '', 0, 0, 0, 0, 0, 0, 0, 1, '2015-05-08'),
(6955, 486, '2015-03-28', '23:00:00', 557, '22', '0', '0', '', 'sawah 2 ha kena air dan lumpur', 'Hujan lebat pada pukul 23.00 WIB mengakibatkan tanggul sungai bowongan jebol sepanjang 20 m lebar 1 m tinggi 1 m.belum ada tindakan', '', '', 0, '', 0, 0, 0, 0, 0, 0, 0, 1, '2015-05-08'),
(6956, 481, '2015-04-03', '20:30:00', 1358, '2', '', '', '', 'rumah ukuran 6x9, gebyok rumah 4x3 (dinding kayu, usuk kayu 5/7 x     50cm 10 biji, genteng keripik 50 biji', 'hujan lebat dari sore hari menyebabkan tanah longsor yang mengancam dan material tanah mengenai rumah bpk moh. jamzani (rumah semi permanen/gebyok) dan material tanah menimbun sehingga bagian depan rumah yang berbentuk gebyok ukuran 4x3 m jebol, akibatnya material tanah masuk ke rumah dengan luasan 1x4m. penghuni lainnya:\n1. yuliyanti (37th) \n2. moh muktafil (18th) \n3. karinda (10th)\nterdapat  2 rumah terancam dengan 3 kk, yaitu:\nkk 1:\n1. miftahul roji (32th) \n2. Umi Anisah (27th) \n3. Nabila (3th)\nKk 2:\n1. Bpk Suripta (55th) \n2. Waljimah (50th) \n3. Nafis (22th) \n4. Akyun (12)\n5. Matori (80)\nKk 3:\n1. Faruki (26th) \n2. Uswatun (24th) \n3. Baihaki (1th) \n', '', '', 0, '', 0, 0, 0, 0, 0, 0, 0, 1, '2015-05-08'),
(6957, 482, '2015-04-05', '18:30:00', 1398, '4', '', '', '', 'rumah milik bapak. Trisnogiyono ', 'mendapat info dari pbk kodya jogja terjadi kebakaran di tamanan banguntapan \nkebakaran diduga karena menyalakan obat nyamuk\ntaksiran kerugian belum di taksir', '', '', 0, '', 0, 0, 0, 0, 0, 0, 0, 1, '2015-05-08'),
(6958, 484, '2015-04-06', '18:30:00', 1399, '3', '07.83749', '110.3427', '', 'akses jalan terputur dan jaringan listrik menuju rumah warga putus dan padam', '', 'hujan', '', 0, '', 0, 0, 0, 0, 0, 0, 0, 1, '2015-05-08'),
(6959, 481, '2015-04-06', '17:00:00', 1400, '1', '07.88967', '110.42693', '', '2 rumah warga terancam tanah  longsor ', ': Kronologis:\n1. Hujan deras dan berakibat pada longsornya tanah di tebing belakang rumah milik : 1. a. Prapto (50 th) dihuni 1 jiwa ,b.Zamyadi (40th)4 jiwa c. riyanto (30 th) 4 jiwa2. Supriyanto(36 th) \n2. Update tanggal 07/04/2015 \n1. Tanah longsor terjadi 2 kali yaitu pada jam 16.00 dan jam 16.30\n2. Air sempat masuk ke rumah bapak zamyadi dan bpk.supriyanto \n3. Luas longsoran tanah yaitu : panjang 10 m dan inggi 6 m\n4. Jarak rumah dari longsoran tanah adalah 1m\n5. Relawan yang ikut kegiatan kerjabakti adalah : FPRB piyungan, PKPU,Sultan Agung, FPRB Banguntapan,Sena putra, Rapi, Linmas ,tagana serta warga yang berjumlah &#177; 50 orang \n6. Keinginan warga yang terancam tanah longsor adalah warga akan membuat parit di atas tebing agar saat hujan air tidak merembes ke permukiman warga yang apabila hujan deras longsor susulan akan kembali terjadi\n7. Perlu adanya tindakan lebih lanjut yaitu : koordinasi antara BPBD , Pemdes , Pihak terkait serta warga yang terancam longsor untuk upaya pengurangan resiko bencana longsor tersebut \n\n', 'hujan', '', 0, '', 0, 0, 0, 0, 0, 0, 0, 1, '2015-05-08'),
(6960, 481, '2015-04-06', '17:00:00', 1400, '1', '07.88860', '110.42758', '', '1 rumah warga terancam longsor ', ': Kronologis:\n1. Kejadian tanah longsor pada jam 17.00 dengan panjang longsoran 4m dan tinggi 6 m\n2. Jarak tebing tanah yang longsor dari rumah adalah 3m \n3. Sebagian longsoran tanah mengenai dinding rumah dari gedek sepanjang 30 cm nihil kerusakan\n4. Rumah yang terancam adaah rumah milik Bpk. Kamani dihuni 4 jiwa yaitu : maryam (39 th)amat sarjimin (80th), Anita rahma (13 th )fandi ahmad (5 th)\n \n', '', '', 0, '', 0, 0, 0, 0, 0, 0, 0, 1, '2015-05-08'),
(6961, 481, '2015-04-07', '16:30:00', 1051, '43', '07.82387 ', '11027328', '', '2. jembatan dengan ukuran panjang 6 m dan lebar 6 m dinding bagian bawah berlubang terjadi sudah lama  di buat tahun 1982, itu merupakan jembatan perbatasan antara argorejo dan argomulyo', 'hujan deras yang terjadi berakibat pada:\n1. talud jalan ambrol sepanjang 10-12 m tinngi 7-8 m\n2. cp pak dukuh metes /sutiman 081392536627\n3. sebagian bahu jalan dipasang garis polisi untuk  penanda agar pengguna jalan berhati hati ', '', '', 0, '', 0, 0, 0, 0, 0, 0, 0, 1, '2015-05-08'),
(6962, 484, '2015-04-07', '13:30:00', 1121, '9', '0', '0', '', 'jaringan listrik pln serta kamar mandi milik bpk. Wakidi ', 'pohon jati diameter 35 cm milik bpk. Supriyanto (55th) tumbang menimpa jaringan listrik pln srta kamar mandi warga \nsumber daya yang ada : tagana , bpbd ,warga , pln', '', '', 0, '', 0, 0, 0, 0, 0, 0, 0, 1, '2015-05-08'),
(6963, 484, '2015-04-09', '00:01:00', 1401, '1', '07.8975', '110.34643', '', 'menimpa korban (bripka sudarko) ,pohon menutup akses jalan', 'pohon jenis angsana keropos pada batang berdiameter &#177; 45cm patah kemudian menimpa korban pengendara sepeda motor (bripka sudarko),saat kejadian korban mengendarai sepeda motor dari arah selatan menuju keutara pada jam &#177;00:00 wib. Korban langsung meninggal dunia,kemudian dibawa diRS  panembahan senopati. proses evakuasi dilakukan oleh jajaran TRC BPBD Bantul,RESCUE Polres Bantul,Relawan,Warga.', '', '', 0, '', 0, 0, 0, 0, 0, 0, 0, 1, '2015-05-08'),
(6964, 491, '2015-04-11', '10:20:00', 624, '6', '07.8363248', '110.3743903', '', 'mengganggu arus lalu lintas arah jogja-magelang, menabrak  tanda penunjuk arah dan mengakibatkan pohon munggur diameter 30 cm tumbang', 'bus sumber waras jurusan jogja -magelang yang di supiri budi mulyono(45 th)dengan kecepatan tinggi menerobos lampu lalulintas dan  tidak terkendali sehingga menabrak plang tanda penunjuk arah dan menyebabkan pohon munggur diameter 30 cm tumbang melintang dijalan mengakibatkan arus lalu lintas terganggu. 6 korban termasuk supir luka ringan dan segera dilarikan ke rumah sakit wirosaban. untuk evakuasi terkait pohon yang tumbang di evakuasi jajaran trc bpbd kab. bantul', '', '', 0, '', 0, 0, 0, 0, 0, 0, 0, 1, '2015-05-08'),
(6965, 485, '2015-04-11', '12:15:00', 1087, '4', '4.34634', '9122036', '', 'jalan yang menghubungkan jembatan gantung kedungmiri tarhambat. Untuk kendaraan roda 4 tidak bisa lewat.', 'bok ambrol disebabkan derasnya air dan luapan air yang dimana bok tersebut lubang airnya kecil kurang memadai untuk saluran air. Bok dibuat yahun 1972 dan sudah direnovasi 2x dibagi sayap kiri kanan pada tahun 1985 dan 1990. luasan bok panjang 6m dan lebar 6m. sumber informasi dari bpk. hardono dukuh) / 087739003738', '', '', 0, '', 0, 0, 0, 0, 0, 0, 0, 1, '2015-05-08'),
(6966, 482, '2015-04-14', '11:00:00', 1399, '', '0', '0', '', 'mobil mitsubishi B2277UD terbakar', 'terjadi korsleting pada aki  yang menyebabkan mobil mitsubishi nopol AB2277UD terbakar, pemilik mobil bp.heppi dengan alamat gunung sempu rt.01 tamantirto kasihan bantul, kebakaran dikondisikan oleh tim dari pbk kab. Bantul, sumber info: jz12gtc(relawan rapi)', '', '', 0, '', 0, 0, 0, 0, 0, 0, 0, 1, '2015-05-08'),
(6967, 485, '2015-04-12', '14:30:00', 1402, '3', '0', '0', '', 'pojokan makan desa dan tanah kas desa p=15, l=3 m', 'hujan deras yang terjadi selam 4 jam menyebabkan terjadinya erosi sungai yang be rdampak pada tergerusnya pojokan makam yang luasnya sekitar 3000m, dan tanah kas desa yang berada disebelah utara makam dengan p=15m dan l=3m, diimana tanah kas desa tersebut di tanami jagung dan ketela yang dikelola oleh staff. tindakan yang dilakukan sementara oleh warga adalah dengan membuat pagar(bata) untuk menghndari melebarnya gerusan(akibat dari erosi sungai)', 'hujan deras', '', 0, '', 0, 0, 0, 0, 0, 0, 0, 1, '2015-05-08'),
(6968, 483, '2015-04-18', '19:40:00', 1349, '5', '0', '0', '', 'cabang patah ', 'hujan dan angin dari pukul 19.00 wib menyebabkan  dahan pohon asem kranji diameter 30 cm patah dan menimpa pengendara yang berboncengan , korban di cek di Rumah sakit karena luka adapun korban korban an. Bpk. Ipung lecet tangan dan kaki kanan, korban kedua ibu Murni widayati (56th) luka di bagian kaki dan sudah di rontgen di PKU bantul.,jenis kendaraan honda vario,  alamat korban karanggayam rt.05, bantul, bantul. evakuasi pohon di lakukan oleh ti trc kab. bantul.', '', '', 0, '', 0, 0, 0, 0, 0, 0, 0, 1, '2015-05-08'),
(6969, 483, '2015-04-18', '20:30:00', 1359, '1', '0', '0', '', 'kabel PLN', 'hujan deras dan angin kencang menyebabkan pohon tumbang dan menimpa karingan listrik PLN, dikondisikan tim SAR', '', '', 0, '', 0, 0, 0, 0, 0, 0, 0, 1, '2015-05-08'),
(6970, 486, '2015-04-18', '20:35:00', 546, '1', '0', '0', '', 'jalan paris 150m akses\\''', 'Hujan deras dan lebat membawa lumpur ke jalan parang tritis setinggi lutut sehingga mengganggu jalan, kerja bhakti oleh warga menggunakan pompa air dengan cara disemprot, dan kerja bhakti dihentikan pada pukul 22.25 wib.dilanjutkan besok pagi', '', '', 0, '', 0, 0, 0, 0, 0, 0, 0, 1, '2015-05-08'),
(6971, 483, '2015-04-18', '21:15:00', 1444, '1', '0', '0', '', 'pohon tumbang menutup jalan aspal kampung', 'hujan deras dan angin kencang menyebabkan pohon kelapa tumbang menutup akses jalan kampung,dikondisikan FPRB Poncosari dan personel PMI', '', '', 0, '', 0, 0, 0, 0, 0, 0, 0, 1, '2015-05-08'),
(6972, 483, '2015-04-18', '20:00:00', 1445, '', '0', '0', '', 'jalan kampung', 'pohon tumbang diameter 30cm menutup akses jalan dan dikonsisikan tim SAR', '', '', 0, '', 0, 0, 0, 0, 0, 0, 0, 1, '2015-05-08'),
(6973, 492, '2015-04-18', '20:00:00', 1445, '', '0', '0', '', 'DAK listrik rumah', '', '', '', 0, '', 0, 0, 0, 0, 0, 0, 0, 1, '2015-05-08'),
(6974, 483, '2015-04-18', '20:15:00', 1446, '2', '0', '0', '', 'akses jalan kampung', 'hujan dan angin encang menyebabkan pohon jati tumbang dan menimpa sebagian akses jalan, dikondisikan PMI dan FPRB Poncosari. Jenis pohon jati Pemilik pohon bpk. Rusdi', '', '', 0, '', 0, 0, 0, 0, 0, 0, 0, 1, '2015-05-08'),
(6975, 483, '2015-04-18', '20:15:00', 1447, '', '0', '0', '', 'akses jalan kampung', 'pohon mahoni diameter 40cm menutup akses jalan kampung, lokasi 300 meter dri jalan utama.namun roda dua masih bisa melintas. ', '', '', 0, '', 0, 0, 0, 0, 0, 0, 0, 1, '2015-05-08'),
(6976, 483, '2015-04-18', '20:15:00', 1445, '', '0', '0', '', 'aksesjalan kampung', 'pohon waru melintang jalan samas, selatan jembatan senggol samas', '', '', 0, '', 0, 0, 0, 0, 0, 0, 0, 1, '2015-05-08'),
(6977, 483, '2015-04-18', '20:15:00', 798, '4', '0', '0', '', 'tanggul opak', 'pohon kelapa tumbang diatas tanggul sungai opak menghalangi warga yang akan ke kandang kelompok', '', '', 0, '', 0, 0, 0, 0, 0, 0, 0, 1, '2015-05-08'),
(6978, 483, '2015-04-18', '20:15:00', 1448, '', '0', '0', '', 'tower EWS', 'tower EWS BNPB di komplek laboratorium geosparsial roboh.', '', '', 0, '', 0, 0, 0, 0, 0, 0, 0, 1, '2015-05-08'),
(6979, 483, '2015-04-18', '20:15:00', 1359, '1', '0', '0', '', 'Kabel Pln ', 'Hujan Deras Yang Disertai Angin Dan Petir Yang Terjadi Semalaman Menyebabkan Kabel Milik Pln Putus Ke Jalan Sehingga Listrik Disekitar Padam', '', '', 0, '', 0, 0, 0, 0, 0, 0, 0, 1, '2015-05-08'),
(6980, 485, '2015-04-18', '23:00:00', 782, '10', '0', '0', '', 'Talud P=3 M, T=1,5 M Dan Badan Jalan Perumahan Cor Blok 0,5 M ', 'Hujan Deras Yang Terjadi Menyebabkan Talud Dengan Ukuran P=3 M, T=1,5 M Dan Jalan Perumahan Cor Blok  Ukuran Jalan 0,5 M, Terkait Kejadian Sudah Dilakukan Kerja Bakti Oleh Warga  Dan Terkait Kebutuhan Mendesak Telah Dikirim Bronjong Sebanyak 5 Lembar, Info: Dwi Daryanto(081328866427)', '', '', 0, '', 0, 0, 0, 0, 0, 0, 0, 1, '2015-05-08'),
(6981, 483, '2015-04-18', '20:00:00', 901, '5', '0', '0', '', 'rumah bp. Suwandi pada bagian teras dan jaringan listrik pln', 'hujan deras yang didsertai angin kencanng mengakibatkan pohon jenos melinjo dengan diameter 10 cm menimpa teras rumah milik bp. Suwandi, ukuran rumah 12x 6 m, kerusakan pada bagian teras jenis material berupa seng 1 lbr, genteng 5 buah, kk atas nama bp. suwandi(40th), suranti(40th), prima(17th), ilham(12th, gita(6th), evakuasi dilakukan tim trc bpbd bantul, cp bp. suwandii: 081904 131216', '', '', 0, '', 0, 0, 0, 0, 0, 0, 0, 1, '2015-05-08'),
(6982, 483, '2015-04-18', '19:30:00', 1449, '3', '0', '0', '', 'dapur dan kamar  mandi', 'hujan deras yang disertai angin kencang mengakibatkan pohon jenis kelapa milik bp. Darmo menimpa bagian dapur dan kamar mandi rumah milik bp. Jumakir(56th), rositi(59th), kerusakan material: bata 1,5x0,5m , genting, usuk dan reng ukuran 2mx 1,5m', '', '', 0, '', 0, 0, 0, 0, 0, 0, 0, 1, '2015-05-08'),
(6983, 483, '2015-04-18', '20:00:00', 1450, '2', '0', '0', '', 'akses jalan kampung', 'hujan deras yang disertai angin kencang menyebabkan pohon jenis munggur dengan diameter 50cm  tumbang dan melintang dijalan sehingga mengganggu aksesa jalan kampung, evakuasi dilakukan oleh warga dibantu jajaran trc bpbd bantul, tidak ada kerugian dan kerusakan', '', '', 0, '', 0, 0, 0, 0, 0, 0, 0, 1, '2015-05-08'),
(6984, 483, '2015-04-18', '22:00:00', 1447, '67', '0', '0', '', 'menutup akses jalan yang menghubungi dsn tegalsari-tegalrejo', 'hujan deras yang disertai angin kencang menyebabkan pohon jenis mahoni milik bp. Surobo(65th) tumbang dan melintang dijalan dsn yang menghubungi dsn tegalsari dan tegalrejo, evakuasi dilakukan oleh trc bpbd kab. Bantul di bantu warga, tidak ada kerugian material', '', '', 0, '', 0, 0, 0, 0, 0, 0, 0, 1, '2015-05-08'),
(6985, 483, '2015-04-18', '20:00:00', 1451, '2', '0419193', '', '', 'teras ukuran 3x4 m\nruang tamu ukuran 3x6 m', 'hujan deras yang disertai angin menyebabkan pohon jenis jati dengan diameter 40 cm tumbang mengenai atapa rumah milik bp. margono pada baguan teras ukuran 3x4 m dan ruang tamu 3x6m.  Kerusakan material berupa: reng usuk=15, blandar=2, genteng=150, kk; bp.margono,(48th0, sugiyem(45th), purwanti ningsih(22th0, arista nuvadani(10th). tidak ada korban jiwa', '', '', 0, '', 0, 0, 0, 0, 0, 0, 0, 1, '2015-05-08'),
(6986, 483, '2015-04-22', '20:00:00', 1452, '1', '0426276', '9128382', '', '', 'hujan deras yang disertai angin kencang menyebabkan dahan pohon asem kranji yang berada depan pasar bantul patah, adapun diameter dahan 20cm, evakuasi dilakukan tim trc bpbd bantul, tidak ada korban jiwa dan kerugian', '', '', 0, '', 0, 0, 0, 0, 0, 0, 0, 1, '2015-05-08'),
(6987, 483, '2015-04-22', '20:00:00', 854, '6', '0420800', '9124291', '', 'melintang dijalan srandakan', 'hujan deras disertai angin kencang menyebabkan pohon waru diameter 25cm melintang dijalan srandakan , evakuasi dilakukan tim trc bantul bersama jajaran polsek pandak, tidak ada korban jiwa dan kerugian', '', '', 0, '', 0, 0, 0, 0, 0, 0, 0, 1, '2015-05-08'),
(6988, 483, '2015-04-22', '20:00:00', 1453, '4', '', '', '', 'garasi', 'pohon tumbang disertai angin kencang menyebabkan pohon jenis jati tumbang dan  menimpa garasi, evakuasi dan ass. Dilakuan oleh basarnas dan jajaran tagana, tidak ada korban jiwa', '', '', 0, '', 0, 0, 0, 0, 0, 0, 0, 1, '2015-05-08'),
(6989, 483, '2015-04-22', '21:00:00', 870, '3', '0423864', '9124613', '', 'jaringan llistrik terputus', 'hujan deras  yang disertai angin menyebabkan pohon jenis jati diameter 20cm milik bp. Tugiman(69) tumbang menimpa jaringan listrik hingga putus, tidak ada korban jiwa', '', '', 0, '', 0, 0, 0, 0, 0, 0, 0, 1, '2015-05-08'),
(6990, 483, '2015-04-22', '03:00:00', 1013, '3', '', '', '', 'mengenai rumah bp. Kuwadi(35th)', ' hujan deras yang disertai angin kencang menyebabkan Pohon jati diameter 50 cm tumbang mengenai rumah Bapak Kuwadi(35 th ) yang dihuni bersama wiwit nuryani (30 th )  , riski (5th) Kerusakan: usuk 4 biji 1meteran,Kerusakan: usuk 4 biji 1meteran, tidak ada korban jiwa', '', '', 0, '', 0, 0, 0, 0, 0, 0, 0, 1, '2015-05-08'),
(6991, 486, '2015-04-22', '20:00:00', 628, '5', '0431070', '913259', '', '6 rumah warga tergenang dan kandang kambing dan 1 kandang sapi', 'Kejadian pukul 20.00 WIB akibat meluapnya sungai code mengakibatkan beberapa  rumah tergenang air dengan ketinggian 1, 5 M adapun pemilik rumah tersebut adalah :1&#160;&#160;&#160;&#160;&#160;&#160;&#160;&#160; Bp. Tumijan ( 70 th ,  Legiyem (70) 2 jiwa)\n2&#160;&#160;&#160;&#160;&#160;&#160;&#160;&#160; Bp. Karjono (54 th, 4 Jiwa)andriyani 25 th,andrirusmiyanto 20th ,mujiah 48th\n3&#160;&#160;&#160;&#160;&#160;&#160;&#160;&#160; Bp.Yanto 50th , lina 21 ,uripraharjo 21th, denta 2 bulan\n4&#160;&#160;&#160;&#160;&#160;&#160;&#160;&#160; Ib. Yamiyah (49th) ,dwi susilo(30),catur wulandari (28th), Nurma lailasari (15 th ), Katno(34)\n5&#160;&#160;&#160;&#160;&#160;&#160;&#160;&#160; Bp. Ali Afandi ( 55 thn) , Deri Ricahyo (26th)\n6&#160;&#160;&#160;&#160;&#160;&#160;&#160;&#160; Bp. Basuki Puryanto(50th ) , nunung wulandari (48th),Dewi (19th)\nKandang kambing dengan isi 5 ekor kambing milik Bpk. Karjono dan Kandang sapi dengan jumlah sapi 12 ekor ikut tergenang air.Ketinggian air yang menggenanggi rumah bervariasi dari 20 cm s/d 150 cm .Nihil Korban Jiwa ', '', '', 0, '', 0, 0, 0, 0, 0, 0, 0, 1, '2015-05-08'),
(6992, 486, '2015-04-22', '20:00:00', 1454, '4', '&#176;', '', '', '45 rumah terendam terdiri dari 50kk', 'hujan deras seharian menyebabkan sungai code meluap dan menggenangi pemukiman warga dengan ketinggian 30cm, 45 rumah terendam dengan jumlah kk 50, 1 warga dievakuasi karena sakit stroke dan tinggal dirumah saudara atas nama bp. K.H. Hasyim (78th), tidak ada korban jiwa, lahan sawah yang terendam 2 ha, luas lahan permukiman seluas 1 ha', '', '', 0, '', 0, 0, 0, 0, 0, 0, 0, 1, '2015-05-08'),
(6993, 486, '2015-04-22', '20:00:00', 1454, '3', '', '', '', '40 rumah, 40kk', 'hujan deras seharian menyebabkan sungai code meluap dan menggenangi pemukiman warga dengan ketinggian 30cm, 40 rumah terendam dengan jumlah kk 40, 1 warga dievakuasi karena sakit dan tinggal dirumah saudara atas nama bp. badawi(70th), tidak ada korban jiwa, , luas lahan permukiman seluas 1 ha', '', '', 0, '', 0, 0, 0, 0, 0, 0, 0, 1, '2015-05-08'),
(6994, 486, '2015-04-22', '20:00:00', 1454, '2', '', '', '', '50 rumah, 70 kk, talang air saluran irigasi milik sda rusak, jembatan bambu penghubung sawah rusak', 'hujan deras seharian menyebabkan sungai code meluap dan menggenangi pemukiman warga dengan ketinggian 30cm, 50rumah terendam dengan jumlah kk 70, 1 warga dievakuasi karena sakit  stroke dan tinggal dirumah anaknya di dsn. pandes 2. nama ibu salimah(67th). tidak ada korban jiwa,3 dapuran bambu ambruk disungai dan menutupi aliran sungai. luas permukiman yang terendam  1 ha', '', '', 0, '', 0, 0, 0, 0, 0, 0, 0, 1, '2015-05-08'),
(6995, 486, '2015-04-22', '20:00:00', 1454, '1', '', '', '', 'merendam 45 rumah terdiri 50 kk', 'hujan deras seharian menyebabkan sungai code meluap dan menggenangi pemukiman warga dengan ketinggian 30cm, 45rumah terendam dengan jumlah kk 50,  tidak ada korban jiwa,.luas permukiman yang terendam  1 ha', '', '', 0, '', 0, 0, 0, 0, 0, 0, 0, 1, '2015-05-08'),
(6996, 486, '2015-04-22', '23:00:00', 1455, '3', '', '', '', '20 rumah tergenang yang terdiri dari 80 kk, 19 sumur warga tergenang', 'hujan deras semalaman menyebabkan sungai bedog meluap sehingga terjadi banjir dan menggenangi 20 rumah warga yang terdiri dari 80 kk, salah satunya home stay milik bp. Yoss(cp:081 726 558 1)luasan wilayah yang tergenang &#177;1km, l= 200 tinggi genangan &#177; 1m, sumur yang tergenang  sebanyak 19 sumur milik warga, tidak ada korban jiwa', '', '', 0, '', 0, 0, 0, 0, 0, 0, 0, 1, '2015-05-08'),
(6997, 486, '2015-04-22', '23:00:00', 1456, '6', '', '', '', '25 rumah terendam dengan 70kk', 'banjir luapan sungai bedog menyebabkan 25 rumah tergenang  dengan jumlah kk 70, adapun tinggi genangan 75 cm di jalan, kerusakan:\n1. bangunan millik bp. Paidi(65th) yang digunakan untuk penyimpanan peralatan dan su=inggah seentara hanyut terkena arus air, 1 keser hilang, 1 buah angkong hilang, pasir 8 truk hanyut\n 2. Bpk. Sudiro wardani 75 th . pagar bumi ukuran 12 x1,2 m ambrol \nSumur terendam,\n 3. Bpk. Beben 40 th (matrial bangunan untuk membangun joglo hilang )\n4. Bpk.Awin 40 th ( kandang ayam ukuran 2x 0,5 m dan ayam 17 ekor hilang ,serta keramik mentah sebanyak 300 buah hanyut.\n5. Bpk. Mugiharjo 60 th ( matrial mebel hanyut belum dapat diketahui jumlahnya )\n- Luasan yang tergenang &#177; 200 x 50 m\n - Surut air jam 01.00 wib\n - Cp. 085808822543/ Bpk Tono', '', '', 0, '', 0, 0, 0, 0, 0, 0, 0, 1, '2015-05-08'),
(6998, 486, '2015-04-22', '23:00:00', 788, '4', '0427193', '9133501', '', '&#177;15 rumah terendam terdiri dari 15 kk', 'banjir yang disebabkan luapan sungai bedog pada pukul 23.00 wib menyebabkna 15 rumah warga terendam yang terdiri dari  15 kk, ketinggan genangan 50cm\nkerusaan:\n1. Kolam ikan lele 2x1,5 m terendam \n2.&#160;Ikan lele hanyut terbawa air\n3. 4 sumur warga terendam ,Luasan yang terendam air &#177;1 ha\n- Surut pada pukul 01.00 wib\n- Cp. (08157914524)/ Bpk Riyadi, tidak ada korban jiwa\n', '', '', 0, '', 0, 0, 0, 0, 0, 0, 0, 1, '2015-05-08'),
(6999, 486, '2015-04-22', '23:00:00', 1457, '20', '', '', '', '2 rumah terendam', 'Dua rumah terendam milik bapak abi yang di kontrakan kepada Bp. Misman 8 jiwa dan Bp. Supri, ass. Dilkukan oleh tim TRC bpbd kab. Bantul', '', '', 0, '', 0, 0, 0, 0, 0, 0, 0, 1, '2015-05-08'),
(7000, 486, '2015-04-22', '23:00:00', 1458, '8', '', '', '', '40 petak kolam dengan luasan 1000m dimana setiap petak kolam diisi 1 kwintal ikan, halaman rumah bp. Mustofa setinggi 30cm selama 2,5 jam', 'Kolam ikan hanyut dan air menggenangi pekarangan rumah bapak mustofa dan sukiran stinggi 30 cm selam 2,5 jam 10 rumah tergenang air setinggi 1 M ( info terbaru dr bp.nur 087805622470 dusun miri dadapan rt 8 timbulharjo kelompok mina mitra usaha,dampak dari banjir yaitu gagal panen,20 pemilik nila,gurameh,bawal,tawes dengan luasan kolam 1000m,total kolam 40 petak tiap kolam 1kwintal).', '', '', 0, '', 0, 0, 0, 0, 0, 0, 0, 1, '2015-05-08'),
(7001, 486, '2015-04-22', '00:00:01', 1459, '1', '', '', '', 'sd karangggayam terendam air setinggi 70 cm ', 'bangunan sd karang gayam terendam air  setinggi 70 cm dan mengakibatkan lumpur masuk di dalam bangunan dengan ketebalan 1 cm-5 cm. kegiatan belajar mengajar sementara di liburkan . guru berserta warga di bantu petugas bpbd dan relawan melakukan pembersihan dari pukul 08.00-12.00 wib, tidak ada korban jiwa', '', '', 0, '', 0, 0, 0, 0, 0, 0, 0, 1, '2015-05-08'),
(7002, 486, '2015-04-23', '00:00:01', 1460, '2', '', '', '', '11 rumah terendam air dari 50cm-120cm', 'banjir yang di sebabkan luapan sungai opak   mengakibatkan sedikitnya 11 rumah terendam air dari 50 cm- 120 cm.  rumah \n-no 1. bapak rukino(45) yang di huni 4 orang murtini(33),fiska nuraini(15),aksan maulana(7) .\n-rumah no 2. bapak wir/ ngatinah (70),ponijan(52),mardial(53).\n-rumah no 3.bapak nuridon(36) di huni 4 jiwa.\n-rumah no 4 bapak wartono (60) dihuni 6 jiwa.\n-rumah no 5 bapak suroyono(40) di huni 4 jiwa.\n-rumah no 6 bapak paryadi(37) di huni 3 jiwa.\n-rumah no 7.bapak nuryanto(25) 4 jiwa.\n-rumah no 8.paryono(38) 5 jiwa.\n-rumah no 9 amat wiyono(75) dihuni 2 jiwa.\n-rumah no 10.bapak p.yatin/praptp utomo(55) dihuni 4 jiwa.\n-rumah no 11 bapak alun-alun (60) di huni 2 jiwa.\nwarga tersebut mengungsi di masjid setempat dan kembali kerumah ketika air sudah surut &#177; pukul 04.00 wib dampat banjir mengakibatkan sumur sedikitnya 11 sumur terendam dan tercemar lumpur. tidak ada korban jiwa', '', '', 0, '', 0, 0, 0, 0, 0, 0, 0, 1, '2015-05-08'),
(7003, 486, '2015-04-22', '22:00:00', 1461, '1', '', '', '', 'jalan desa yang menghubungkan ds. Bawuran dan desa peret', 'jalan desa yang menghubungkan antara desa bawuran dan desa pleret terputus akibat luapan sungai opak,ukuran lebar 4 m,panjang 15 m', '', '', 0, '', 0, 0, 0, 0, 0, 0, 0, 1, '2015-05-08'),
(7004, 486, '2015-04-22', '22:00:00', 718, '', '', '', '', 'pemukian wrga terendam', 'banjir luapan sungai winongo berdampak pada terendamnya pemukiman warga, info:pmi bantul, tidak ada korban jiwa', '', '', 0, '', 0, 0, 0, 0, 0, 0, 0, 1, '2015-05-08'),
(7005, 486, '2015-04-22', '22:00:00', 1462, '7', '', '', '', 'pemukian wrga terendam', 'banjir luapan sungai code berdampak pada terendamnya pemukiman warga. Sumber informasi: pmi bantul', '', '', 0, '', 0, 0, 0, 0, 0, 0, 0, 1, '2015-05-08'),
(7006, 486, '2015-04-23', '01:00:00', 1463, '65', '', '', '', '', 'penyebab banjir karena dam mejing pintu airnya tidak di buka semua.  Untuk rumah2 warga aman, tidak ada korban jiwa', '', '', 0, '', 0, 0, 0, 0, 0, 0, 0, 1, '2015-05-08'),
(7007, 486, '2015-04-23', '01:00:00', 1463, '66', '7.56888', '110.2013', '', 'kandang kelompok dan sumur terendam', 'penyebab banjir karena dam mejing pintu airnya tidak di buka semua.Untuk di Rt.66 ada kandang kelompok yang terendam, air naik sekitar 90 cm.untuk sumur yang terendam milik bp paidi (60th) ada 3 jiwa, perlu utk di kuras.  ', '', '', 0, '', 0, 0, 0, 0, 0, 0, 0, 1, '2015-05-08'),
(7008, 486, '2015-04-23', '01:00:00', 1463, '67', '', '', '', 'pekarangan dan jalam', 'penyebab banjir karena dam mejing pintu airnya tidak di buka semua.pekarangan rumah warga dan jalan terdapat genangan air tidak sampai ke rumah warga', '', '', 0, '', 0, 0, 0, 0, 0, 0, 0, 1, '2015-05-08'),
(7009, 486, '2015-04-23', '01:00:00', 1463, '68', '', '', '', 'jalan desa terputus', 'penyebab banjir karena dam mejing pintu airnya tidak di buka semuaUntuk jalan ada yang putus/ rusak.area terdampak di dusun butuhrt 65- 68 sekitar 5 hektar.', '', '', 0, '', 0, 0, 0, 0, 0, 0, 0, 1, '2015-05-08'),
(7010, 486, '2015-04-23', '02:00:00', 1461, '1', '', '', '', 'jalan kampung dan talud jembatan gantung usak', '1. Jalan amblas sepanjang 10 M dekat jembatan baru tegal rejo info dari  Agus Tri ( PBK)\n2. Jalan yg rusak itu Jalan kampung penghubung desa pleret sama desa bawuran +- lebar 4m panjang 15 m.\n3. Talud jembatan gantung tergerus.', '', '', 0, '', 0, 0, 0, 0, 0, 0, 0, 1, '2015-05-08'),
(7011, 486, '2015-04-23', '01:00:00', 1433, '2', '', '', '', '', 'penyebab banjir karena dam mejing pintu airnya tidak di buka semua. Ada 6 rumah yang terendam air (1. bp badawi, 2. bp rohman, 3. bp gatot sudarsono, 4. bp jarwo, 5. bp barjo, 6. bp hasan) + 1. puskesmas pembantu sumbermulyo. Air naik ke rumah sekitar 30 - 50 cm, untuk kandang kelompok air naik sampai 90 cm. area terdampak sekitar 0,5 hektar.', '', '', 0, '', 0, 0, 0, 0, 0, 0, 0, 1, '2015-05-08'),
(7012, 486, '2015-04-22', '20:00:00', 698, '', '', '', '', '', 'berdampak pada permuiman warga . Sumber info dari PMI', '', '', 0, '', 0, 0, 0, 0, 0, 0, 0, 1, '2015-05-08'),
(7013, 482, '2015-04-23', '18:00:00', 1464, '', '', '', '', '', 'Api Tiba-tiba Muncul Dan Sudah Terlihat Membesar Dari Ruangan Oven, Diduga Api Berasal Dari Tempat Pengovenan Kayu Yang Ditinggal Oleh Karyawan. Tidak Ada Korban Jiwa', '', '', 0, '', 0, 0, 0, 0, 0, 0, 0, 1, '2015-05-08'),
(7014, 486, '2015-04-22', '23:00:00', 1462, '7', '', '', '', '', 'Hujan deras yang terjadi pada pukul 11.00 malam di titik lokasi pertemuan antara sungai widuri dan sungai bedog sehingga aliran air dari sungai widuri tertahan\nbangket sungai di sebelah barat sungai widuri tepatnya di sebelah selatan jebol dan mengancam rumah milik bp. murat dewanto(50th) yang dihuni 6 jiwa yaitu : \nibu agata sri suparmi(51 th)Dewa adidarma (18 th ) tlp: 08994602344\nrafi aranjuno (11 th) , yuda mahendra (10th ) , bangket longsor sepanjang 10 m dan tinggi 6 m dan lebar &#177;3m\n', '', '', 0, '', 0, 0, 0, 0, 0, 0, 0, 1, '2015-05-08'),
(7015, 486, '2015-04-22', '21:00:00', 1465, '4', '', '', '', '', 'banjir menggennag permukiman setinggi &#177;40 cm dan 7 rumah terendam yaitu ; \n1. suyitno(56th) 2 kk (7 jiwa ) dan 1 balita \n2. bp. Sukinto(80th ) 3 jiwa 1 lansia \n3. bp. Moko (47th) 4 jiwa \n4. bp. Digdo (32th) 4 jiwa\n5. Bp. Widodo (45th) 4 jiwa 1 balita\n6. bp. supangat (51th)4 jiwa \narea permukiman terdampak sepanajng 200 x 30 m , cp: 089868883661 ibu tutut', '', '', 0, '', 0, 0, 0, 0, 0, 0, 0, 1, '2015-05-08'),
(7016, 486, '2015-04-22', '21:00:00', 1466, '3', '', '', '', '', 'akibat luapan banjir kali code sumur warga mengalami keruh dan berlumpurdi &#177;6 rumah terdiri dari 8 kk \ntalud bangketan air sepanajng 50 m mengalami pergeseran \nhewan ternak berupa 1 ekor kambing dan 10 ayam basah terkena genangan air namun masih hidup', '', '', 0, '', 0, 0, 0, 0, 0, 0, 0, 1, '2015-05-08'),
(7017, 486, '2015-04-22', '21:00:00', 1466, '4', '', '', '', '', 'Fasilitas Umum Berupa Jaln Aspal Rusak Dan Terken Alumpur \nTalud Di Bawah Jembatan Terkikis\n4 Sumur Mlik Warga Keruh\nPeralatan Dapur Hanyut Terbawa Arus Air\nRumah Terdampak Sebanyak 19 Rumah Dan 19 Kk', '', '', 0, '', 0, 0, 0, 0, 0, 0, 0, 1, '2015-05-08'),
(7018, 486, '2015-04-22', '22:00:00', 759, '9', '', '', '', 'menggenangi  rumah warga  setinggi 120 cm dan 2 ekor ayam ,10 ekor bebek dan tv terendam air', 'luapan air sungai bedog dan menggenag setinggi &#177;120 cm \nrumah terendam milik ibu ngatinem (50th) 7 jiwa dan 1 balita berinisiatif mengungsi sendiri menyelamatkan barang berharga , area terendam 1km di rt 08 dan rt 9\nberdasarkan keterangan warga kejadian ini  lebih parah dari tahun 2010 cp. 08994144458\nrumah semi permanen dari bambu milik wagiman mulyo pawiro(85th) ketinggian air mencapai &#177;150 cm s/d 2m \nkerugian : 2 ekor ayam , bebek 10 ekor dan tv terendam air', '', '', 0, '', 0, 0, 0, 0, 0, 0, 0, 1, '2015-05-08'),
(7019, 486, '2015-04-23', '01:00:00', 1467, '61', '', '', '', '2 rumah terendam', 'penyebab banjir karena dam mejing pintu airnya tidak di buka semua. Untuk rt 61 ada 2 rumah yang terendam (1, bp sutriyatno, 2 bp. Jatmiko)\n', '', '', 0, '', 0, 0, 0, 0, 0, 0, 0, 1, '2015-05-08'),
(7020, 486, '2015-04-23', '01:00:00', 1467, '62', '', '', '', '', ' rt 62 ada 4 jiwa (1. bp nenet, 2. bp surojo, 3.bp kismo, 4. bp nurhadi) air naik sekitar jam 01,00 wib, jam 02.00 - 03.00 wib aid sudah masuk ke pekarangan/rumah warga, jam 04.00 wib air sudah mulai berangsur surut. area terdampak sekitar 5 hektar. untuk jalan ada yang rusak / tergerus krn erosi', '', '', 0, '', 0, 0, 0, 0, 0, 0, 0, 1, '2015-05-08'),
(7021, 486, '2015-04-22', '20:00:00', 628, '1', '0431139', '9132965', '', '6 Sumur Warga  Dan 2 Ha Sawah Milik Kas Desa Terendam', 'Sumur Terendam Ada 6 Buah Yaitu Milik , Solbana , Mursilah , Murtijo ,daerah,kerto Murti Rahayu \nSawah Terendam  2ha Status Milik Kas Desa \nRumah Industri Tahu Tempe Milik Imam Bukhori (50 Th) Sarbani 48 Th Heri Santoso 40 Th , Waseto 37 Th \nDapur Empring Terbawa Arus Air \nPinggiran Kali Terkikis Air ', '', '', 0, '', 0, 0, 0, 0, 0, 0, 0, 1, '2015-05-08'),
(7022, 486, '2015-04-22', '21:00:00', 1239, '10', '', '', '', 'Talud P=50m, Dan T=6m', 'Talud Sepanjang 50 M Dengan Tinggi 6 M Longsor Atas Terkikis Oleh Arus Air\nPengungsi Di Masjid Annur Sudah Kembali Ke Rumah Masing - Masing Dengan Jumlah 12 Kk 45 Jiwa Cp: 081227687348\nWarga Berinisiatif Untuk Memasang Rambu ', '', '', 0, '', 0, 0, 0, 0, 0, 0, 0, 1, '2015-05-08'),
(7023, 486, '2015-04-22', '21:00:00', 1468, '5', '437881', '9133018', '', 'Jalan Kampng Terputus', 'Hujan Yang Deras Menyebabkan Tergerusnya Bibir Sungai, Yang Awalnya Sungai Berukuran 10m Meluas Menjadi  &#177;50m.\nHal Tersebut Mengakibatkan Jalan Kampung Menuju Sawah Dan Kebun Warga Terputus, Namun Masih Ada Jalan Yg Bisa Digunakan.\nTindakan Sementara Sudah Dipasang Tanda Dan Pembatas Daerah Berbahaya Oleh Warga.\n', '', '', 0, '', 0, 0, 0, 0, 0, 0, 0, 1, '2015-05-08'),
(7024, 486, '2015-04-23', '01:30:00', 1469, '3', '', '', '', '', 'Sumur milik bp. Mujiono  45 th ( 3 jiwa) Amblas dan biasa masih digunakan untuk sehari hari- hari- Jarak dengan rumah 7m- Kamar mandi dan toilet ada di dalam rumah - Kejadian jam 01.30 wib- Sumur milik ibu Yayuk 54 th( air menjadi keruh , sumur dipake oleh 6 rumah, jark sumur dengan bibir sungai 15 m - Cp ibu yayuk ; 087838484657', '', '', 0, '', 0, 0, 0, 0, 0, 0, 0, 1, '2015-05-08'),
(7025, 484, '2015-04-24', '22:15:00', 1470, '4', '0427313', '9126926', 'hujan deras dan usia pohon sudah tua \n- pohon munggur diameter  &#177; 80 cm tumbang di lapangan trirenggo \n- pohon milik PU \n- kabel utama penerangan jalan terangkat ', 'kabel utama penerangan jalan ', 'hujan deras dan usia pohon sudah tua \n- pohon munggur diameter  &#177; 80 cm tumbang di lapangan trirenggo \n- pohon milik desa trirenggo\n- kabel utama penerangan jalan terangkat ', '', '', 0, '', 0, 0, 0, 0, 0, 0, 0, 1, '2015-05-08'),
(7026, 486, '2015-04-24', '19:00:00', 1471, '1', '0422310', '9121603', 'hujan deras menyebabkan sungai yang melewati dusun cangkring meluap\nair menggenag di pekarangan  dusun dengan ketinggian air variasi &#177;30 cm - 60 cm \n1 rumah tergenang a/n bp. Tukijan (80th) dan i', '', 'hujan deras menyebabkan sungai yang melewati dusun cangkring meluap\nair menggenag di pekarangan  dusun dengan ketinggian air variasi &#177;30 cm - 60 cm \n1 rumah tergenang a/n bp. Tukijan (80th) dan ibu siti( 75th) air masuk ke dalam rumah dengan ketinggian air 20 cm \n\n', '', '', 0, '', 0, 0, 0, 0, 0, 0, 0, 1, '2015-05-08'),
(7027, 481, '2015-04-25', '06:00:00', 557, '19', '0438268\\''', '9123536', 'hujan deras menyebabkan bangketan jalan  milik bp. Adi sumanto(60th)yang terbuat dari tumpukan batu jebol/retak akibat hujan deras yang terjadi semalaman sehingga menutup akses jalan menuju kelurahan ', 'menutup akses jalan desa', 'hujan deras menyebabkan bangketan jalan  milik bp. Adi sumanto(60th)yang terbuat dari tumpukan batu jebol/retak akibat hujan deras yang terjadi semalaman sehingga menutup akses jalan menuju kelurahan muntuk dan seropan1, ukuran bangket p=10m, l=4m, ukuran jalan yang tertutupp=12, =2,5m,  selain itu 1 pondasi rumah milik bp.adi sumanto terancam longsor karena mengalami penurunan/ pergerakan tanah dari 30m menjadi 50 cm , tidak ada korban jiwa, tim ass. trc bantul, kerja bakti dilakukan warga dan sudah dapat digunakan kembali namun khusus pejalan kaki', '', '', 0, '', 0, 0, 0, 0, 0, 0, 0, 1, '2015-05-08'),
(7028, 481, '2015-04-24', '21:00:00', 557, '19', '0438344', '9123581', 'hujan deras menyebabkan longsoran pada tebing jalan sehingga menutup akses jalan menuju seropan 1 muntuk, ukuran longsoran p=12m, t=4-5m, ukuran jalan 2,5x12m, adapun pemilik tanah bp. Mulyadi(55th), ', 'menutup akses jalan menuju seropan 1 muntuk', 'hujan deras menyebabkan longsoran pada tebing jalan sehingga menutup akses jalan menuju seropan 1 muntuk, ukuran longsoran p=12m, t=4-5m, ukuran jalan 2,5x12m, adapun pemilik tanah bp. Mulyadi(55th), ass. Trc bantul, hingga siang belum ada kerja bakti akan dikerjabaktikan hari minggu, 26 april 2015 sekitar 100 orang', '', '', 0, '', 0, 0, 0, 0, 0, 0, 0, 1, '2015-05-08'),
(7029, 486, '2015-04-25', '09:00:00', 1472, '6', '', '', '', 'sawah terendam', 'hujan deras menyebabkan sungai winongo meluap sehingga sawah (padi) terendam hingga 10 cm, tidak ada korban jiwa', '', '', 0, '', 0, 0, 0, 0, 0, 0, 0, 1, '2015-05-08'),
(7030, 486, '2015-04-25', '09:00:00', 793, '', '', '', '', 'Sawah terendam dan akses jalan terganggu', 'banjir genangan mengenai sawah(bawang merah) di Buruhan  &#177;50cm, dan &#177;20cm , dan mengaggu kases jalan penghubung sanden dan kretek', '', '', 0, '', 0, 0, 0, 0, 0, 0, 0, 1, '2015-05-08'),
(7031, 486, '2015-04-25', '09:00:00', 712, '1', '', '', '', 'sawah terendam', 'hujan lebat menyebabkan sawah terendam  ketinggian 20cm, namun hingga pukul 10.00 wib air sudah surut 1/3, info: bp gunawan,cp: 0815770661', '', '', 0, '', 0, 0, 0, 0, 0, 0, 0, 1, '2015-05-08'),
(7032, 486, '2015-04-25', '09:00:00', 1473, '6', '', '', '', 'menggenangi seluruh dusun dan masuk ke dalam rumah(3-7 rumah)', 'hujan lebat menyebabkan terjadinya banjir genangan, hingga menggenangi hampir seluruh dusun dan masuk kedalam rumah sebanyak 3-7 rumah warga, tidak ada korban jiwa, info: 087 839 098118', '', '', 0, '', 0, 0, 0, 0, 0, 0, 0, 1, '2015-05-08'),
(7033, 484, '2015-04-24', '22:00:00', 603, '6', '', '', '', 'Mengenai Jaringan Telkom', 'Hujan Lebat Disertai Angin Menyebabkan Pohon Munggur Diameter 30 Cm Tumbang Mengenai Jaringan Telkom, Tidak Ada Korban Jiwa, Terkait Jaringan Telkom Dilaporkan Kepada Pihak Terkait,info: Bp. Bayu, Cp: 081 668 6440', '', '', 1, 'd337119ab2c41689f0763c694833f756.xlsx', 0, 0, 0, 0, 0, 0, 0, 1, '2015-05-08'),
(7034, 481, '2015-04-25', '15:00:00', 1474, '6', '0436480', '9126285', '', 'material longsorn menimpabangunan rumah yang digunakan untuk membuat kerajinan bambu', 'tiga orang sedang bekerja membuat kerajinan bambu di rumah bapak ngatipar tiba tiba  tebing setinggi 5 meter panjang 10 meter longsor dan menimpa bangunan yang sedang di gunakan untuk membuat kerajinan akibatnya tiga korban  atas nama \n1. Bp. Subi 30 thn warga dusun nglingseng RT 06 Muntuk dlingo tertimbun tanah dan batu hanya terlihat bagian kepala\n2. Bp. Sugiman H.S. warga dusun nglingseng RT 05 Muntuk Dlingo  mengalami luka pada bagian kepala, leher dan kaki\n3. Bp. Jamhari 52 thn warga dusun nglingseng RT 05 Muntuk dlingo mengalami cidera pada bagian punggung \nketiga korban di bawa ke RS nur hidayah blawong trimulyo jetis dan info terakhir oleh pemkab 2 korban no 1 &2 dirujuk ke rsud p.senoati, no 1 sudah dibawa pulang (rawat jalan)', 'cerah habis hujan', '', 0, '', 0, 0, 0, 0, 0, 0, 0, 1, '2015-05-08'),
(7035, 485, '2015-04-26', '15:00:00', 1222, '2', '0426587&#176;', '9117370', '', 'jalan yang ambles 6m lubangnya mencapai &#177;80cm.', 'jalan ambles berlubang disebabkan oleh adanya gerusan air dibawahnya yang merupakan saluran air dan disebabkan juga oleh beban jalan yang terlewati terlalu berat. Sementara warga sudah memasangi rambu rambu peringatan,untuk roda 2 masih bisa lewat namun untuk roda 4 sementara ditutup harus putar cari jalur alternatif, (satu minggu sebelumnya sudah ada amblesan kecil berdiameter 20cm).', 'mendung tipis', '', 0, '', 0, 0, 0, 0, 0, 0, 0, 1, '2015-05-08');
INSERT INTO `bencana` (`id_bencana`, `id_jenis_bencana`, `tanggal_bencana`, `waktu_bencana`, `id_lokasi`, `rt_lokasi`, `long_lokasi`, `lat_lokasi`, `sebab_bencana`, `cakup_bencana`, `deskripsi_bencana`, `kondisi_bencana`, `sumber_informasi`, `excel_bencana`, `name_excel`, `meninggal`, `hilang`, `ringan`, `berat`, `pengungsi`, `menderita`, `rusak`, `user_id`, `date_bencana`) VALUES
(7036, 485, '2015-04-22', '01:00:00', 1588, '25', '07.79756', '110.39693', '', 'Dapuran Bambu Diameter 3m Tergerus Oleh Aliran Sungai Dan Menutup 1/3 Badan Sungai', 'Hujan Deras Dan Luapan Air Sungai Gajah Wong Mengakibatkan Dapuran Bambu Berdiameter 3m Tergerus Oleh Aliran Sungai Dan Menutup 1/3 Badan Sungai 9sisi Timur Pada Wilayah Bantul0,menurut Bp. Haliman Dan Ketua Rt Setempat Selama 20th Terakhir Banjir Tersebut Mengakibatkan Pengikisan Lahan Yang &#177;2000m Milik Bp.haliman Dan Mengakibatkan Bertambahnya Lahan/wedi Kengser Disisi Barat Sungai (wilayah Kota). Perlu Pengukuran Luasan Hak Mlik Disepanjang Bantaran Sungai.. Perlu Dipasang Karung Pasir,bronjong Ataupun Bangket &#177;750m.( Assesment Tgl 29 April 2015 Hari Rabu)', 'Mendung', '', 1, '', 0, 0, 0, 0, 0, 0, 0, 1, '2015-05-08'),
(7037, 493, '2015-04-29', '15:30:00', 1589, '1', '0425245', '9119219', '', '', 'Korban a.n. Vera Ismudi 59 Thn Alamat Jl. Kol. Sugiyono No 13 Rt 26 /006 Keparakan Mergangsan, Menurut Saksi Korban Datang Jam 10.00 Wib Untuk Menengok Saudaranya Jumtani 90 Thn. Jam 11 Pamit Ke Kamar Mandi Mau Mabyur, Kurang Lebilh Pkl 14.30 Jumtani Menimba Air Di Sumur Saat Menaikan Timba Terasa Berat Kemudian Memanggail Yusuf Priambodo 17 Thn Untuk Membantu Mengangkat Timba, Namun Yang Terlihat Mayat Ibu Vera Ismudi, Kejadian Penemuan Jam 15.30 Proses Evakuasi Dilakukan Oleh Pmi Bantul Polsek Bali Ident Polres Dan Warga. Korban Menderita Cacat Pada Kaki Kiri ( Menggunakan Kaki Palsu )', '', '', 0, '', 0, 0, 0, 0, 0, 0, 0, 1, '2015-05-08'),
(7038, 481, '2015-02-05', '13:30:00', 1151, '2', '0438805', '9128540', '', 'Longsoran Menutup Jalan ', 'Hujan Deras Seharian Menyebabkan Tanah Jenuh Dan Terjadi Longsoran. Longsoran Sempat Menutup Jalan Cinomati Namun Sudah Dikondisikan Oleh Warga Dan Relawan Sehingga Jalan Bisa Dilalui. Longsoran Bermuatan Bebatuan Dan Pohon Pohon Berdiameter Keil. Rencana Minggu Pagi Akan Diadakan Kerjabakti Pemebersihan.', '', '', 1, '', 0, 0, 0, 0, 0, 0, 0, 1, '2015-05-08');

-- --------------------------------------------------------

--
-- Table structure for table `detail_bencana`
--

CREATE TABLE IF NOT EXISTS `detail_bencana` (
  `id_detail_bencana` int(11) NOT NULL AUTO_INCREMENT,
  `id_bencana` int(11) NOT NULL,
  `kode_lokasi` varchar(10) DEFAULT NULL,
  `lokasi_detail` text,
  `kapasitas_detail` varchar(10) DEFAULT NULL,
  `jenis_hunian` varchar(50) DEFAULT NULL,
  `tingkat_detail` int(2) DEFAULT NULL,
  `value_detail` int(5) DEFAULT NULL,
  `keterangan_detail` varchar(200) NOT NULL,
  PRIMARY KEY (`id_detail_bencana`)
) ENGINE=MyISAM  DEFAULT CHARSET=latin1 AUTO_INCREMENT=127 ;

-- --------------------------------------------------------

--
-- Table structure for table `dusun`
--

CREATE TABLE IF NOT EXISTS `dusun` (
  `id_dusun` int(11) NOT NULL AUTO_INCREMENT,
  `nama_dusun` varchar(200) DEFAULT NULL,
  `id_kelurahan` int(11) NOT NULL,
  PRIMARY KEY (`id_dusun`)
) ENGINE=MyISAM  DEFAULT CHARSET=latin1 AUTO_INCREMENT=1607 ;

--
-- Dumping data for table `dusun`
--

INSERT INTO `dusun` (`id_dusun`, `nama_dusun`, `id_kelurahan`) VALUES
(9, 'KADIROJO', 10),
(10, 'Dusun XII', 11),
(11, 'kasongan', 12),
(12, 'niten', 12),
(442, 'KADIROJO', 184),
(14, 'TEGALREJO', 14),
(15, 'poyahan', 186),
(16, 'KALANGAN', 16),
(443, 'Dusun XII', 185),
(444, 'kasongan', 186),
(445, 'niten', 186),
(446, 'gabusan', 187),
(447, 'manding', 188),
(448, 'bangi', 187),
(449, 'jetis', 189),
(450, 'kaliputih', 186),
(451, 'gandon ', 184),
(452, 'baran rt 06', 190),
(453, 'KURAHAN', 191),
(454, 'mandingan', 192),
(455, 'GANDEKAN', 191),
(456, 'banyon', 186),
(457, 'keyongan rt.01', 188),
(458, 'gemahan rt.03', 192),
(459, 'SERAYU', 191),
(460, 'niten', 193),
(461, 'karanggede rt.01', 186),
(462, 'karanggayam ', 184),
(463, 'piring', 190),
(464, 'bogoran', 193),
(465, 'gatak', 187),
(466, 'geneng', 186),
(467, 'sulang lor', 194),
(468, 'sulang kidul', 194),
(469, 'sawungan rt 02', 195),
(470, 'tanubayan rt 5', 193),
(471, 'priyan rt 4', 193),
(472, 'tanubayan ', 193),
(473, 'tanubayan rt 8', 193),
(474, 'manding gandekan', 193),
(475, 'pendowo', 186),
(476, 'pepe rt 5', 193),
(477, 'gemahan rt 04', 192),
(478, 'trirenggo', 193),
(479, 'jetis sumuran rt 01', 184),
(480, 'jetis sumuran rt 02', 184),
(481, 'KETOS', 196),
(482, 'keongan rt.02', 188),
(483, 'sumuran', 184),
(484, 'sumuran rt 04', 184),
(485, 'peni rt.05', 184),
(486, 'Mandingan RT.05 RW 14', 192),
(487, 'Mandingan RT 01', 192),
(488, 'Mandingan RT 04 Karang Ngabean', 192),
(489, 'Mandingan RW 13 RT 03', 192),
(490, 'Karasan rt.05', 184),
(491, 'Balong', 187),
(492, 'Dadapan', 187),
(493, 'Sewon', 187),
(494, 'BRAJAN', 197),
(495, 'TEGALREJO', 198),
(496, 'gamping', 199),
(497, 'priyan', 193),
(498, 'pasutan', 193),
(499, 'gempolan', 193),
(500, 'code', 193),
(501, 'dowaluh cepoko', 193),
(502, 'cepoko', 193),
(503, 'karangmojo', 193),
(504, 'manding', 193),
(505, 'pepe', 193),
(506, 'gandon sumuran', 184),
(507, 'taskombang', 184),
(508, 'dagaran', 184),
(509, 'ngringinan', 184),
(510, 'cepor kidul bolon', 184),
(511, 'bolon ', 184),
(512, 'peni tajeman', 184),
(513, 'jedigan peni', 184),
(514, 'peni', 184),
(515, 'karangasem', 184),
(516, 'gumuk', 192),
(517, 'Baran', 200),
(518, 'Tangkil', 190),
(519, 'Gedong', 200),
(520, 'Kantongan', 200),
(521, 'Nglorong', 200),
(522, 'BANTUL', 205),
(523, 'baran', 190),
(524, 'bakalan', 190),
(525, 'poyahan', 28),
(526, 'KALANGAN', 201),
(527, 'GEGUNUNG', 201),
(528, 'SOGE', 185),
(529, NULL, 202),
(530, 'YUWONO', 203),
(531, 'GUNUNGKUNCI', 201),
(532, 'GOKERTEN', 185),
(533, 'CETAN', 185),
(534, 'ARGODADI', 206),
(535, 'WONOLELO', 207),
(536, 'SRIMULYO', 208),
(537, 'Wonoroto', 204),
(538, 'Ngrukem', 186),
(539, 'Kasongan', 209),
(540, 'Rejosari', 210),
(541, 'kentolan kidul', 211),
(542, 'pendowoharjo', 212),
(544, 'Banggi Petak', 17),
(545, 'kembangsari', 215),
(546, 'grogol 7', 216),
(547, 'nglengis', 217),
(548, 'pringgading', 218),
(549, 'papringan', 219),
(550, 'nogosari', 220),
(551, 'prancak weden', 221),
(552, 'Kanggotan Baru', 222),
(553, 'guyangan', 223),
(554, 'pringgading', 224),
(555, 'papringan', 225),
(556, 'sawahan', 226),
(557, 'sukorame', 227),
(558, 'purworejo', 223),
(559, 'bojong', 223),
(560, 'pedetan', 228),
(561, 'jatirejo', 229),
(562, 'sorowajan baru', 230),
(563, 'kanggotan', 222),
(564, 'parangtritis', 216),
(565, 'kedungrejo', 223),
(566, 'mirisewu', 231),
(567, 'rejosari', 215),
(568, 'kumendaman', 232),
(569, 'kumendaman', 216),
(570, 'Bantul Warung', 205),
(571, 'Nyangkringan', 205),
(572, 'Babadan', 205),
(573, 'Badegan', 205),
(574, 'Kresen', 205),
(575, 'Bejen', 205),
(576, 'Geblag', 205),
(577, 'Grujugan', 205),
(578, 'Gemahan', 233),
(579, 'Deresan', 233),
(580, 'Soropaten', 233),
(581, 'Bantulkarang', 233),
(582, 'Karasan', 10),
(583, 'Serut', 10),
(584, 'Bakulan', 72),
(585, 'Bantul timur', 72),
(586, 'Plembon', 72),
(587, 'Kweden', 72),
(588, 'Sragan', 72),
(589, 'Sumberbatikan', 72),
(590, 'Gedongan', 72),
(591, 'Kadibeso', 234),
(592, 'Keongan', 234),
(593, 'Neco', 234),
(594, 'Dukuh', 234),
(595, 'Garon', 221),
(596, 'Cabeyan', 221),
(597, 'Ngireng-ireng', 221),
(598, 'Jaranan', 221),
(599, 'Glondong', 221),
(600, 'Pandes', 221),
(601, 'Sawit', 221),
(602, 'Kweni', 221),
(603, 'Pelemsewu', 221),
(604, 'Glugo', 221),
(605, 'Dongkelan', 221),
(606, 'Krapyak Kulon', 221),
(607, 'Krapyak Wetan', 221),
(608, 'Dagen', 6),
(609, 'Cepit', 6),
(610, 'Krandohan', 6),
(611, 'Ngimbang', 6),
(612, 'Miri', 6),
(613, 'Bandung', 6),
(614, 'Ngaglik', 6),
(615, 'Monggang', 6),
(616, 'Blunyahan ', 6),
(617, 'Pucung', 6),
(618, 'Diro', 6),
(619, 'Rogoitan', 6),
(620, 'Jotawang', 235),
(621, 'Salakan', 235),
(622, 'Randubelang', 235),
(623, 'Saman', 235),
(624, 'Wojo', 235),
(625, 'Tanjung', 235),
(626, 'Druwo', 235),
(627, 'Tarudan', 235),
(628, 'Ngoto', 235),
(629, 'Pandeyan', 235),
(630, 'Bakung', 235),
(631, 'Semail', 235),
(632, 'Mredo', 235),
(633, 'Widoro', 235),
(634, 'Jurug', 235),
(635, 'Demangan', 235),
(636, 'Tembi', 187),
(637, 'Dagan', 187),
(638, 'Mriyan', 187),
(639, 'Kowen I', 187),
(640, 'Kowen II', 187),
(641, 'Dobalan', 187),
(642, 'Sudimoro', 187),
(643, 'Bibis', 187),
(644, 'Ngasem', 187),
(645, 'Kepek', 187),
(646, 'Ngentak', 187),
(647, 'Bakulan kulon', 194),
(648, 'Bakulan Wetan', 194),
(649, 'Bobok', 194),
(650, 'boto', 194),
(651, 'butuh', 194),
(652, 'dukuh sukun', 194),
(653, 'gaduh', 194),
(654, 'gelangan-salam', 194),
(655, 'gerselo', 194),
(656, 'kategan', 194),
(657, 'ketandan', 194),
(658, 'panjangjiwo', 194),
(659, 'patalan', 194),
(660, 'sulangkidul', 194),
(661, 'tanjungkarang', 194),
(662, 'tanjunglor', 194),
(663, 'Balakan', 189),
(664, 'barongan', 189),
(665, 'beji', 189),
(666, 'bulus kulon', 189),
(667, 'bungas', 189),
(668, 'kertan', 189),
(669, 'kiaran', 189),
(670, 'manggung', 189),
(671, 'medelan', 189),
(672, 'pangkah', 189),
(673, 'titang', 189),
(674, 'Paten', 189),
(675, 'Cangkring', 189),
(676, 'Turi', 189),
(677, 'Banyudono', 228),
(678, 'Beran', 228),
(679, 'canden', 228),
(680, 'gadungan kepuh', 228),
(681, 'gadungan pasar', 228),
(682, 'gaten', 228),
(683, 'jayan', 228),
(684, 'kadilobo', 228),
(685, 'kiringan', 228),
(686, 'kralas', 228),
(687, 'ngibikan', 228),
(688, 'plembutan', 228),
(689, 'pulokadang', 228),
(690, 'suren kulon', 228),
(691, 'suren wetan', 228),
(692, 'wonolopo', 228),
(693, 'Sindet', 236),
(694, 'bembem', 236),
(695, 'blawong 1', 236),
(696, 'blawong 2', 236),
(697, 'bulu', 236),
(698, 'cembing', 236),
(699, 'denokan', 236),
(700, 'karangsemut', 236),
(701, 'kembangsongo', 236),
(702, 'ponggok 1', 236),
(703, 'ponggok 2', 236),
(704, 'puton', 236),
(705, 'Ngajaran', 237),
(706, 'Sirat', 237),
(707, 'Palihan', 237),
(708, 'Selo', 237),
(709, 'Prenggan', 237),
(710, 'Tempel', 237),
(711, 'Plemantung', 237),
(712, 'Plebengan', 237),
(713, 'Ponggok', 237),
(714, 'Pinggir', 237),
(715, 'Glodongan', 237),
(716, 'Kuwon', 237),
(717, 'Mejing', 238),
(718, 'Paker', 238),
(719, 'Wonodoro', 238),
(720, 'Destan', 238),
(721, 'Kraton', 238),
(722, 'Bregan', 238),
(723, 'Plumutan', 238),
(724, 'Tulasan', 238),
(725, 'Jomblang', 238),
(726, 'Ngambah', 238),
(727, 'Kepuh', 238),
(728, 'Warungpring', 238),
(729, 'Carikan', 238),
(730, 'Kanutan', 195),
(731, 'Siten', 195),
(732, 'Tangkilan', 195),
(733, 'Kutu', 195),
(734, 'Kedon', 195),
(735, 'Kaligondang', 195),
(736, 'Gunungan ', 195),
(737, 'Jogodayoh', 195),
(738, 'Plumbungan', 195),
(739, 'Caben', 195),
(740, 'Samen', 195),
(741, 'Gersik', 195),
(742, 'Bonddalem', 195),
(743, 'Kintelan', 195),
(744, 'Kali Pakis', 209),
(745, 'Kersan', 209),
(746, 'Jeblog', 209),
(747, 'Plurugan', 209),
(748, 'Padokan Lor', 209),
(749, 'Padokan Kidul', 209),
(750, 'Jogonalan Lor', 209),
(751, 'Jogonalan Kidul', 209),
(752, 'Mrisius', 209),
(753, 'Beton', 209),
(754, 'Cungkuk', 239),
(755, 'Janten', 239),
(756, 'Jomegatan', 239),
(757, 'Kadipiro', 239),
(758, 'Onggobbayan', 239),
(759, 'Sidorejo', 239),
(760, 'Sonopakis kidul', 239),
(761, 'sonopakis lor', 239),
(762, 'sonosewu', 239),
(763, 'soragan', 239),
(764, 'sumberan', 239),
(765, 'Tambak', 239),
(766, 'Tlogo', 240),
(767, 'Rukeman', 240),
(768, 'Ngebel', 240),
(769, 'Ngrame', 240),
(770, 'Jadan', 240),
(771, 'Tempuran', 240),
(772, 'Gonjen', 240),
(773, 'Kasihan', 240),
(774, 'Kembaran', 240),
(775, 'Gendeng', 241),
(776, 'Donotirto', 241),
(777, 'Lemahdadi', 241),
(778, 'Sambikerep', 241),
(779, 'Petung', 241),
(780, 'Kenalan', 241),
(781, 'Sribitan', 241),
(782, 'Kalirandu', 241),
(783, 'Bangen', 241),
(784, 'Jipangan', 241),
(785, 'Kalipucang', 241),
(786, 'Kajen', 241),
(787, 'Tirto', 241),
(788, 'Sembungan', 241),
(789, 'Mulekan I', 242),
(790, 'Mulekan II', 242),
(791, 'Cimpon', 242),
(792, 'Tegal Tapen', 242),
(793, 'Buruhan', 242),
(794, 'Galan', 242),
(795, 'Baros', 243),
(796, 'Muneng', 243),
(797, 'Gunung Kunci', 243),
(798, 'Karang', 243),
(799, 'Genting', 244),
(800, 'Gondangan ', 244),
(801, 'Karen', 244),
(802, 'Jebugan', 244),
(803, 'Bracan', 244),
(804, 'Karangweru', 244),
(805, 'Plesan', 244),
(806, 'Paliyan', 244),
(807, 'Soropadan', 244),
(808, 'Punduhan', 244),
(809, 'Kregan', 244),
(810, 'Thokolan', 244),
(811, 'Tluren', 244),
(812, 'Kalipakel', 245),
(813, 'Gadingdaton', 245),
(814, 'Palangjiwan', 245),
(815, 'Gadinglumbung', 245),
(816, 'Gadingharjo', 245),
(817, 'Mersan', 245),
(818, 'Colo', 245),
(819, 'Busuran', 245),
(820, 'Sruwuh', 245),
(821, 'Tegalsari', 245),
(822, 'Metuk', 245),
(823, 'Greges', 245),
(824, 'Kretek', 216),
(825, 'Sono', 216),
(826, 'Samiran', 216),
(827, 'Bungkus', 216),
(828, 'Depok', 216),
(829, 'Duwuran', 216),
(830, 'Grogol VII', 216),
(831, 'Grogol VIII', 216),
(832, 'Grogol IX', 216),
(833, 'Grogol X', 216),
(834, 'Mancingan XI (Pj)', 216),
(835, 'Banyu Urip', 246),
(836, 'Gluntung Lor', 246),
(837, 'Gluntung Kidul', 246),
(838, 'Gumulan', 246),
(839, 'Tegalsempo', 246),
(840, 'Tunjungan', 246),
(841, 'Krapakan', 246),
(842, 'Samparan', 246),
(843, 'Tegallayang 9', 246),
(844, 'Tegallayang 10', 246),
(845, 'Kuroboyo', 246),
(846, 'Korowelang', 246),
(847, 'Glagahan', 246),
(848, 'Bogem', 246),
(849, 'Ciren', 247),
(850, 'gunturan', 247),
(851, 'jalakan', 247),
(852, 'jigudan', 247),
(853, 'juwono', 247),
(854, 'ngabean', 247),
(855, 'nglarang', 247),
(856, 'siangan', 247),
(857, 'Jaten', 247),
(858, 'banjar waru', 248),
(859, 'bongsren', 248),
(860, 'gunting', 248),
(861, 'jodog', 248),
(862, 'jomboran', 248),
(863, 'kadekrowo', 248),
(864, 'kadisoro', 248),
(865, 'karanggede', 248),
(866, 'krekah', 248),
(867, 'ngaran', 248),
(868, 'tegallurung', 248),
(869, 'Daleman', 248),
(870, 'Kauman', 248),
(871, 'bajang', 249),
(872, 'gedong sari', 249),
(873, 'gesikan 3', 249),
(874, 'gesikan 4', 249),
(875, 'kwalangan', 249),
(876, 'ngeblak', 249),
(877, 'pandak', 249),
(878, 'Bergan', 249),
(879, 'Pedak', 249),
(880, 'Dukuh Kalimundu 1', 250),
(881, 'Dukuh Daleman 2', 250),
(882, 'Dukuh Merten 3', 250),
(883, 'Dukuh Nganjung 4', 250),
(884, 'Dukuh  Pranti 5', 250),
(885, 'Dukuh  Karanganyar 6', 250),
(886, 'Pucanganom I', 251),
(887, 'Pucanganom II', 251),
(888, 'Pucanganom III', 251),
(889, 'Trisigan I', 251),
(890, 'Trisigan II', 251),
(891, 'Sanggrahan', 251),
(892, 'Kurahan I', 251),
(893, 'Kurahan II', 251),
(894, 'Piring I', 251),
(895, 'Piring II', 251),
(896, 'Mayungan I', 251),
(897, 'Mayungan II', 251),
(898, 'Sanden', 251),
(899, 'Bongoskenti', 251),
(900, 'Peciro', 251),
(901, 'Kranggan', 251),
(902, 'Dayu', 252),
(903, 'Kenteng', 252),
(904, 'Ketelo', 252),
(905, 'Klatak', 252),
(906, 'Soka', 252),
(907, 'Sorobayan', 252),
(908, 'Bangos I', 252),
(909, 'Bangos  II', 252),
(910, 'Klakaran', 252),
(911, 'Tegesan', 252),
(912, 'Nampan', 252),
(913, 'Nanggulan', 252),
(914, 'Demakan', 252),
(915, 'Wonorejo I', 252),
(916, 'Wonorejo II', 252),
(917, 'Patihan', 252),
(918, 'Ceme', 9),
(919, 'Celep', 9),
(920, 'Tinggen', 9),
(921, 'Bonggalan', 9),
(922, 'Kalijurang', 9),
(923, 'Ngunan-unan', 9),
(924, 'Wuluhadeg', 9),
(925, 'Wirosutan', 9),
(926, 'Srabahan', 9),
(927, 'Sangkeh', 9),
(928, 'Malangan', 9),
(929, 'Dengokan', 9),
(930, 'Dodogan', 9),
(931, 'Ngemplak', 9),
(932, 'Ngepet', 9),
(933, 'Sogesanden', 9),
(934, 'Singgelo', 253),
(935, 'Talkondo', 253),
(936, 'Godegan', 253),
(937, 'Wonotingal', 253),
(938, 'Bayuran', 253),
(939, 'Polosiyo', 253),
(940, 'Gunturgeni', 253),
(941, 'Besole', 253),
(942, 'Sambeng I', 253),
(943, 'Sambeng II', 253),
(944, 'Sambeng III', 253),
(945, 'Jragan I', 253),
(946, ' Jragan II', 253),
(947, 'Kukap', 253),
(948, 'Koripan', 253),
(949, 'Jopaten', 253),
(950, 'Bodowaluh', 253),
(951, 'Babakan', 253),
(952, 'Krajan', 253),
(953, 'Kuwaru', 253),
(954, 'Srandakan', 254),
(955, 'Gerso', 254),
(956, 'Klurahan', 254),
(957, 'Proketen ', 254),
(958, 'Puron', 254),
(959, 'Puluhan Kidul', 254),
(960, 'Puluhan Lor', 254),
(961, 'Gunungsaren Kidul', 254),
(962, 'Gunungsaren Lor', 254),
(963, 'Nengahan', 254),
(964, 'Lopati', 254),
(965, 'Bendo', 254),
(966, 'Celan', 254),
(967, 'Cagunan', 254),
(968, 'Mangiran', 254),
(969, 'Sapuangin', 254),
(970, 'Kembang Putihan', 218),
(971, 'Kentolan Lor', 218),
(972, 'Iroyudan', 218),
(973, 'Kedung', 218),
(974, 'Watu Gedug', 218),
(975, 'Kadisono', 218),
(976, 'Karangber', 218),
(977, 'Santan', 218),
(978, 'Kembang Gede', 218),
(979, 'Kalak Ijo', 218),
(980, 'Bungsing', 218),
(981, 'Pring Gading', 218),
(982, 'Benyo', 255),
(983, 'Panjangan', 255),
(984, 'Kayen', 255),
(985, 'Beji Wetan', 255),
(986, 'Beji Kulon', 255),
(987, 'Gupak Warak', 255),
(988, 'Dadabong', 255),
(989, 'Krebat', 255),
(990, 'Kabrokan Wetan', 255),
(991, 'Kabrokan Kulon', 255),
(992, 'Kamijoro', 255),
(993, 'Kunden', 255),
(994, 'Manukan', 255),
(995, 'Mangit Lor', 255),
(996, 'Mangir Tengah', 255),
(997, 'Mangir Kidul', 255),
(998, 'Guwo', 256),
(999, 'Gampeng', 256),
(1000, 'Nanggul', 256),
(1001, 'Jojoran Kulon', 256),
(1002, 'Jojoran Wetan', 256),
(1003, 'Blabak', 256),
(1004, 'Kadireso', 256),
(1005, 'Sabarang Lor', 256),
(1006, 'Sabrang Kidul', 256),
(1007, 'Butuh Lor', 256),
(1008, 'Butuh Kidul', 256),
(1009, 'Polaman', 256),
(1010, 'Jambean', 256),
(1011, 'Pajangan', 256),
(1012, 'Kayuhan Wetan', 256),
(1013, 'Kayuhan Kulon', 256),
(1014, 'Kalisoko', 256),
(1015, 'Ngincep', 256),
(1016, 'Jogonandan', 256),
(1017, 'Plambongan', 256),
(1018, 'Trucuk', 256),
(1019, 'Kali berot', 257),
(1020, 'kalijoho', 257),
(1021, 'kaliurang', 257),
(1022, 'karanglo', 257),
(1023, 'kemusuk kidul', 257),
(1024, 'kemusuk lor', 257),
(1025, 'panggang', 257),
(1026, 'pedes', 257),
(1027, 'plawonan', 257),
(1028, 'puluhan', 257),
(1029, 'samben', 257),
(1030, 'sengon karang', 257),
(1031, 'srontakan', 257),
(1032, 'surobayan', 257),
(1033, 'Klangen', 258),
(1034, 'Tapen', 258),
(1035, 'Botokan', 258),
(1036, 'Gunung Mojo', 258),
(1037, 'Jambon', 258),
(1038, 'Tonalan', 258),
(1039, 'Gayam', 258),
(1040, 'Gubug', 258),
(1041, 'Sedayu', 258),
(1042, 'Pedusan', 258),
(1043, 'Kalakan', 259),
(1044, 'Semampir', 259),
(1045, 'Kepuhan', 259),
(1046, 'Senowo', 259),
(1047, 'Gunung Folo', 259),
(1048, 'Sundi Kidul', 259),
(1049, 'Bandut Lor', 259),
(1050, 'Bandut Kidul', 259),
(1051, 'Metes', 259),
(1052, 'Pendul', 259),
(1053, 'Pereng Wetan', 259),
(1054, 'Dumpuh', 260),
(1055, 'Dingkikan', 260),
(1056, 'Ngepek', 260),
(1057, 'Cawan', 260),
(1058, 'Bakal', 260),
(1059, 'Bakal Dukuh', 260),
(1060, 'Sukohardjo', 260),
(1061, 'Selogedong', 260),
(1062, 'Sungapan Dukuh', 260),
(1063, 'Sungapan', 260),
(1064, 'Brongkol', 260),
(1065, 'Kedung Jati', 220),
(1066, 'Lemah Rubuh', 220),
(1067, 'Kajor Kulon', 220),
(1068, 'Kajor Wetan', 220),
(1069, 'Nawungan II', 220),
(1070, 'Nawungan I', 220),
(1071, 'Lanteng I', 220),
(1072, 'Lanteng II', 220),
(1073, 'Siluk I', 220),
(1074, 'Siluk  II', 220),
(1075, 'Kalidadap I', 220),
(1076, 'Kalidadap II', 220),
(1077, 'Srunggo II', 220),
(1078, 'Srunggo I', 220),
(1079, 'Pelemantung', 220),
(1080, 'Putat', 220),
(1081, 'Pengkol', 2),
(1082, 'Wunut', 2),
(1083, 'Trukan', 2),
(1084, 'Pelemadu', 2),
(1085, 'Gondosuli', 2),
(1086, 'Mojohuro', 2),
(1087, 'Sompok', 2),
(1088, 'Jati', 2),
(1089, 'Dagongan', 2),
(1090, 'Ngrancah', 2),
(1091, 'Karang Asem', 229),
(1092, 'Jati Rejo', 229),
(1093, 'Dengkeng', 229),
(1094, 'Karang Talun', 229),
(1095, 'Nogosari II', 229),
(1096, 'Pundung', 229),
(1097, 'Tilaman', 229),
(1098, 'Cengkihan', 229),
(1099, 'Karang Kulon', 229),
(1100, 'Giri Loyo', 229),
(1101, 'Kedung Buwang', 229),
(1102, 'Singosaren', 229),
(1103, 'imogiri', 261),
(1104, 'paduresan', 261),
(1105, 'Krucuk Rt 01', 262),
(1106, 'Bandungan Rt 02', 262),
(1107, 'Salaman Rt 03', 262),
(1108, 'Karangtalun', 262),
(1109, 'Setran', 262),
(1110, 'Sareyan', 262),
(1111, 'Kemasan', 202),
(1112, 'Karangtengah', 202),
(1113, 'Pucunggrowong', 202),
(1114, 'Karangrejek', 202),
(1115, 'Mojolegi', 202),
(1116, 'Dumpukan', 202),
(1117, 'Kanten ', 263),
(1118, 'Dronco', 264),
(1119, 'Banyusumurup', 264),
(1120, 'Kradenan', 264),
(1121, 'Payaman Utara', 264),
(1122, ' Pandes I', 197),
(1123, 'Pandes II', 197),
(1124, 'Jejeran II', 197),
(1125, 'Jejeran I', 197),
(1126, 'Wonokromo I', 197),
(1127, 'Wanokromo II', 197),
(1128, 'Karanganom', 197),
(1129, 'Ketonggo', 197),
(1130, 'Keputren', 207),
(1131, 'Bedukan', 207),
(1132, 'Kerto', 207),
(1133, 'Karet', 207),
(1134, 'Pungkuran', 207),
(1135, 'Gunung Kelir', 207),
(1136, 'Kedaton', 207),
(1137, 'Trayeman', 207),
(1138, 'Srumbung', 265),
(1139, 'Jembangan', 265),
(1140, 'Kloron', 265),
(1141, 'Segoroyoso I', 265),
(1142, 'Segoroyoso II', 265),
(1143, 'Dahromo I', 265),
(1144, 'Dahromo II', 265),
(1145, 'Kedungpring', 198),
(1146, 'Bawuran I', 198),
(1147, 'Sanan', 198),
(1148, 'Sentul Rejo', 198),
(1149, 'Bawuran II', 198),
(1150, 'Kedung Rejo', 223),
(1151, 'Cegokan', 223),
(1152, 'Mojo Sari', 223),
(1153, 'Ploso', 223),
(1154, 'jomblangan', 266),
(1155, 'karangbendo', 266),
(1156, 'karangjambe', 266),
(1157, 'mudalan', 266),
(1158, 'pelemwulung', 266),
(1159, 'plumbon', 266),
(1160, 'pringgolayan', 266),
(1161, 'sorowajan', 266),
(1162, 'tegaltandan', 266),
(1163, 'wonocatur', 266),
(1164, 'Gilang', 267),
(1165, 'manggisan', 267),
(1166, 'mantyup', 267),
(1167, 'ngipik', 267),
(1168, 'pelem', 267),
(1169, 'plakaran', 267),
(1170, 'wiyoro', 267),
(1171, 'balong lor', 268),
(1172, 'banjar dadap', 268),
(1173, 'condrowangsan', 268),
(1174, 'merto sanan kulon', 268),
(1175, 'merto sanan wetan', 268),
(1176, 'nglaren', 268),
(1177, 'potorono', 268),
(1178, 'pranwedanan', 268),
(1179, 'bintaran', 269),
(1180, 'combongan', 269),
(1181, 'duku', 269),
(1182, 'joho', 269),
(1183, 'pamotan', 269),
(1184, 'ponegaran', 269),
(1185, 'botokenceng', 270),
(1186, 'kepuh kulon', 270),
(1187, 'kepuh wetan', 270),
(1188, 'mutihan', 270),
(1189, 'sampangan', 270),
(1190, 'wirokerten', 270),
(1191, 'Grojogan', 270),
(1192, 'Kertopaten', 270),
(1193, 'Kragilan', 271),
(1194, 'Tamanan', 271),
(1195, 'Sokowaten ', 271),
(1196, 'Krobokan', 271),
(1197, 'Nglebeng', 271),
(1198, 'Glagah lor', 271),
(1199, 'Glagah kidul', 271),
(1200, 'singosaren 1', 272),
(1201, 'singosaren 2', 272),
(1202, 'singosaren 3', 272),
(1203, 'bodon', 273),
(1204, 'sayaman', 273),
(1205, 'Jamprit', 274),
(1206, 'Grudo', 274),
(1207, 'Nglembu', 274),
(1208, 'Tarungan', 274),
(1209, 'Gedangan', 274),
(1210, 'Badan', 274),
(1211, 'Panjang', 274),
(1212, 'Soronanggan', 274),
(1213, 'Watu', 274),
(1214, 'Gunung Puyuh', 274),
(1215, 'Nambangan', 275),
(1216, 'Pentung', 275),
(1217, 'Kalinampu', 275),
(1218, 'Dermojurang', 275),
(1219, 'Boboktempel', 275),
(1220, 'Geger', 275),
(1221, 'Biro', 275),
(1222, 'Kalipakem', 275),
(1223, 'Blali', 275),
(1224, 'Ngerco', 275),
(1225, 'Jelapan ', 275),
(1226, 'candi', 276),
(1227, 'ganjuran', 276),
(1228, 'gulon', 276),
(1229, 'jonggrangan', 276),
(1230, 'klisat', 276),
(1231, 'nangsri', 276),
(1232, 'potrobayan', 276),
(1233, 'pranti', 276),
(1234, 'pundong', 276),
(1235, 'sayegan', 276),
(1236, 'tulung', 276),
(1237, 'banyakan 1', 217),
(1238, 'banyakan 3', 217),
(1239, 'cepoko jajar', 217),
(1240, 'karang ploso', 217),
(1241, 'punden', 217),
(1242, 'madu gondo', 217),
(1243, 'ngablak', 217),
(1244, 'ngampon', 217),
(1245, 'nganyam', 217),
(1246, 'nglenggis', 217),
(1247, 'padangan', 217),
(1248, 'pagergunung 1', 217),
(1249, 'pagergunung 2', 217),
(1250, 'sonokaton', 217),
(1251, 'Babatan', 217),
(1252, 'bangkel', 231),
(1253, 'bintaran kulon', 231),
(1254, 'bintaran wetan', 231),
(1255, 'cikal', 231),
(1256, 'duwet gentong', 231),
(1257, 'jasem', 231),
(1258, 'jolo sutro', 231),
(1259, 'jombor', 231),
(1260, 'kabregan', 231),
(1261, 'kaligathok', 231),
(1262, 'klenggotan', 231),
(1263, 'ngelo sari', 231),
(1264, 'ngijo', 231),
(1265, 'onggopatran', 231),
(1266, 'pandean', 231),
(1267, 'payak cilik ', 231),
(1268, 'payak tengah ', 231),
(1269, 'payak wetan ', 231),
(1270, 'plesedan', 231),
(1271, 'prayan', 231),
(1272, 'sandean', 231),
(1273, 'bulu sari', 215),
(1274, 'dararaman', 215),
(1275, 'kemmloko', 215),
(1276, 'kwasen', 215),
(1277, 'mandungan', 215),
(1278, 'munggur', 215),
(1279, 'petir', 215),
(1280, 'piyungan', 215),
(1281, 'pos piyungan', 215),
(1282, 'sanansarri', 215),
(1283, 'umbulsari', 215),
(1284, 'wanujoyokidul', 215),
(1285, 'wanujoyo lor', 215),
(1286, 'Mojosari', 215),
(1287, 'Koripan I', 277),
(1288, 'Koripan II', 277),
(1289, 'Dlingo I', 277),
(1290, 'Dlingo II', 277),
(1291, 'Pokoh I', 277),
(1292, 'Pokoh II', 277),
(1293, 'Pakis I', 277),
(1294, 'Pakis II', 277),
(1295, 'Kebosungu I', 277),
(1296, 'Kebosungu II', 277),
(1297, 'Maladan', 278),
(1298, 'Tegallawas', 278),
(1299, 'Badean', 278),
(1300, 'Semuten', 278),
(1301, 'Loputih', 278),
(1302, 'Kedung Dayak', 278),
(1303, 'Cempluk', 227),
(1304, 'Mangunan', 227),
(1305, 'Sukarame', 227),
(1306, 'Lemahbang', 227),
(1307, 'Kanigoro', 227),
(1308, 'Kedirung', 227),
(1309, 'Gunung Cilik', 279),
(1310, 'Muntuk', 279),
(1311, 'Sanggrahan I', 279),
(1312, 'Sanggrahan II', 279),
(1313, 'Banjarharjo I', 279),
(1314, 'Banjarharjo II', 279),
(1315, 'Seropan I', 279),
(1316, 'Seropan III', 279),
(1317, 'Nglingsem ', 279),
(1318, 'Tekik', 280),
(1319, 'Temuwuh', 280),
(1320, 'Salam', 280),
(1321, 'Klepu', 280),
(1322, 'Kapingan', 280),
(1323, 'Nglampengan', 280),
(1324, 'Jambewangi', 280),
(1325, 'Lungguh', 280),
(1326, 'Ngunut', 280),
(1327, 'Tanjan', 280),
(1328, 'Pancuran', 281),
(1329, 'Kebo Kuning', 281),
(1330, 'Sendang Sari', 281),
(1331, 'Ngenep', 281),
(1332, 'Saradan', 281),
(1333, 'Terong 2', 281),
(1334, 'Terong 1', 281),
(1335, 'Pencit Rejo', 281),
(1336, 'Kurahan', 282),
(1337, 'bulusari ', 215),
(1338, 'bumenwetan', 267),
(1339, 'karang', 253),
(1340, '', 229),
(1341, 'mancingan', 2),
(1342, 'karang', 2),
(1343, 'ploso petung', 223),
(1344, 'Gayam', 278),
(1345, 'Gowoan', 234),
(1346, 'sungapan', 2),
(1347, 'bantul timur ', 219),
(1349, 'nyemengan', 284),
(1350, 'kauman', 271),
(1351, 'dukuh', 218),
(1352, 'bantul timur', 285),
(1353, 'karangasem', 229),
(1354, 'Lala', 2),
(1355, 'abcd', 2),
(1356, 'Abcd', 210),
(1357, 'sorowajan baru', 266),
(1358, 'giriloyo', 229),
(1359, 'mancingan ', 216),
(1360, 'kur ahan', 282),
(1361, 'santan', 224),
(1362, 'bumenwetan', 286),
(1363, 'mojosari', 223),
(1364, 'kemloko', 215),
(1365, 'kaligatuk', 215),
(1366, 'klemoko', 215),
(1367, 'karang jambe', 266),
(1368, 'ngireng -ireng', 221),
(1369, 'butuh ', 2),
(1370, 'klodran', 282),
(1371, 'ngireng - ireng', 221),
(1372, 'dadapan', 287),
(1373, 'dukuh', 224),
(1374, 'karangkulon', 229),
(1375, 'barongan', 226),
(1376, 'keyongan kidul', 234),
(1377, 'jetis', 220),
(1378, 'plemantung', 220),
(1379, 'lanteng 2', 220),
(1380, 'modalan ', 266),
(1381, 'kadibeso', 260),
(1382, 'ngaglik', 288),
(1383, 'tangkilan ', 289),
(1384, 'peni', 290),
(1385, 'karasan', 290),
(1386, 'ngringinan', 290),
(1387, 'gerselo', 288),
(1388, 'bolon', 290),
(1389, 'bolon', 291),
(1390, 'destan', 292),
(1391, 'plesan', 293),
(1392, 'kajorwetan', 220),
(1393, 'nogosari 1', 220),
(1394, 'srunggo 1', 220),
(1395, 'seropan 2', 279),
(1396, 'seropan ', 279),
(1397, 'seropan 1', 279),
(1398, 'tamanan wetan', 271),
(1399, 'mrisi', 284),
(1400, 'sanan', 294),
(1401, 'manding ', 285),
(1402, 'kemasan', 295),
(1403, 'tirtonirmolo', 296),
(1404, 'parangtritis', 297),
(1405, 'parangtritis', 298),
(1406, 'poncosari', 299),
(1407, 'srigading', 300),
(1408, 'gadingsari', 301),
(1409, 'srigading', 301),
(1410, 'tirtohargo', 302),
(1411, 'parangtirits', 302),
(1412, 'parangtritis', 302),
(1413, 'bangunjiwo', 303),
(1414, 'murtigading', 300),
(1415, 'gadingharjo', 304),
(1416, 'gadingharjo', 300),
(1417, 'srigading', 305),
(1418, 'bantul', 306),
(1419, 'triharjo', 307),
(1420, 'argorejo', 308),
(1421, 'gilangharjo', 309),
(1422, 'triwidadi', 310),
(1423, 'bangunharjo', 311),
(1424, 'wonokromo', 312),
(1425, 'Pendowoharjo', 313),
(1426, 'pleret', 314),
(1427, 'segoroyoso', 314),
(1428, 'bawuran', 315),
(1429, 'mulyodadi', 316),
(1430, 'tirtonirmolo', 317),
(1431, 'patalan', 318),
(1432, 'bawuran', 319),
(1433, 'sorok ', 238),
(1434, 'trimulyo', 320),
(1435, 'timbulharjo', 321),
(1436, 'tirtonirmolo', 303),
(1437, 'tirtonirmolo', 322),
(1438, 'bangunharjo', 323),
(1439, 'ngestiharjo', 317),
(1440, 'sitimulyo', 324),
(1441, 'tirtonirmolo', 325),
(1442, 'trirenggo', 326),
(1443, 'sidomulyo', 327),
(1444, 'sambeng', 253),
(1445, 'ngepet', 328),
(1446, 'klagaran', 252),
(1447, 'tegalrejo', 328),
(1448, 'depok', 329),
(1449, 'ngujung', 250),
(1450, 'pranti', 250),
(1451, 'karanganyar', 250),
(1452, 'gandekan', 282),
(1453, 'klawonan', 259),
(1454, 'jejeran 2', 330),
(1455, 'gesik kalipucang', 241),
(1456, 'tirtowetan', 241),
(1457, 'Pacetan ', 331),
(1458, 'miri', 331),
(1459, 'karanggayam', 222),
(1460, 'karanggayam', 265),
(1461, 'tegalrejo', 294),
(1462, 'menayu kulon', 284),
(1463, 'butuh ', 288),
(1464, 'gemblangan', 287),
(1465, 'jogonalan lor ', 284),
(1466, 'pandean', 235),
(1467, 'dukuh sukun ', 288),
(1468, 'kuden', 217),
(1469, 'glondong', 284),
(1470, 'nogosari', 285),
(1471, 'cangkring', 237),
(1472, 'Kwaru', 253),
(1473, 'Pedak', 254),
(1474, 'karangtalun', 229),
(1475, 'srimartani', 332),
(1476, 'wonolelo', 333),
(1477, 'parangtritis', 334),
(1478, 'sitimulyo', 335),
(1479, 'guwosari', 336),
(1480, 'trihanggo', 337),
(1481, 'selopamioro', 338),
(1482, 'panggungharjo', 339),
(1483, 'sumberagung', 340),
(1484, 'parangtritis', 341),
(1485, 'mangunan', 342),
(1486, 'wonolelo', 343),
(1487, 'wonolelo', 344),
(1488, 'canden', 320),
(1489, 'wukirsari', 345),
(1490, 'selopamioro', 346),
(1491, 'banguntapan', 347),
(1492, 'pleret', 348),
(1493, 'parangtritis', 349),
(1494, 'wonolelo', 350),
(1495, 'srimulyo', 351),
(1496, 'srimartani', 352),
(1497, 'srimulyo', 324),
(1498, 'suryodiningratan', 353),
(1499, 'wukirsari', 354),
(1500, 'selopamioro', 355),
(1501, 'parangtritis', 356),
(1502, 'sriharjo', 357),
(1503, 'bantul', 358),
(1504, 'poncosari', 359),
(1505, 'srimartani', 360),
(1506, 'guwosari', 361),
(1507, 'srimartani', 362),
(1508, 'wukirsari', 363),
(1509, 'batretno', 364),
(1510, 'wonolelo', 365),
(1511, 'srimartani', 366),
(1512, 'srimartani', 324),
(1513, 'srimartani', 367),
(1514, 'srimartani', 368),
(1515, 'srimartani', 369),
(1516, 'jambidan', 370),
(1517, 'srimulyo', 371),
(1518, 'jatimulyo', 372),
(1519, 'triharjo', 373),
(1520, 'sabdodadi', 374),
(1521, 'banguntapan', 375),
(1522, 'tamanan', 376),
(1523, 'trimulyo', 377),
(1524, 'panggungharjo', 378),
(1525, 'tirtomulyo', 379),
(1526, 'sriharjo', 338),
(1527, 'tirtonirmolo', 380),
(1528, 'sriharjo', 381),
(1529, 'wonolelo', 382),
(1530, 'tirtohargo', 341),
(1531, 'wonolelo', 383),
(1532, 'trirenggo', 384),
(1533, 'bantul', 385),
(1534, 'timbulharjo', 311),
(1535, 'guwosari', 386),
(1536, 'wukirsari', 387),
(1537, 'sumberagung', 388),
(1538, 'sabdodadi', 389),
(1539, 'srimartani', 390),
(1540, 'selopamioro', 357),
(1541, 'selopamioro', 391),
(1542, 'wukirsari', 392),
(1543, 'tamantirto', 393),
(1544, 'jagalan', 394),
(1545, 'parangtritis ', 395),
(1546, 'trirenggo', 374),
(1547, 'banguntapan', 396),
(1548, 'sumberagung', 397),
(1549, 'argodadi', 398),
(1550, 'patalan', 399),
(1551, 'sumbermulyo', 400),
(1552, 'palbapang ', 401),
(1553, 'gilangharjo', 402),
(1554, 'patalan', 403),
(1555, 'palbapang ', 404),
(1556, 'muyodadi', 400),
(1557, 'tirtomulyo', 405),
(1558, 'trtomulyo', 406),
(1559, 'selopamioro', 354),
(1560, 'muntuk', 407),
(1561, 'muntuk', 408),
(1562, 'muntuk', 409),
(1563, 'mangunan', 409),
(1564, 'mangunan', 410),
(1565, 'sriharjo', 392),
(1566, 'wukirsari', 411),
(1567, 'tamanan', 412),
(1568, 'tirtonirmolo', 413),
(1569, 'bawuran', 414),
(1570, 'argorejo', 415),
(1571, 'girirejo', 416),
(1572, 'trirenggo', 417),
(1573, 'bangunharjo', 418),
(1574, 'sriharjo', 419),
(1575, 'tirtonirmolo', 420),
(1576, 'karangtengah', 421),
(1577, 'mulyodadi', 422),
(1578, 'mangunan ', 423),
(1579, 'mangunan ', 424),
(1580, 'poncosari', 425),
(1581, 'Tirtosari', 426),
(1582, 'sidomulyo', 427),
(1583, 'trimurti', 425),
(1584, 'panggungharjo', 428),
(1585, 'seloharjo', 429),
(1586, 'banguntapan', 430),
(1587, 'sidomulyo', 431),
(1588, 'babadan', 266),
(1589, 'tegal belan', 237),
(1590, 'wonolelo', 432),
(1591, 'pleret', 432),
(1592, 'segoroyoso', 432),
(1593, 'srimartani', 433),
(1594, 'wonolelo', 434),
(1595, 'parangtritis', 435),
(1596, 'sitimulyo', 436),
(1597, 'guwosari', 437),
(1598, 'trihanggo', 438),
(1599, 'selopamioro', 439),
(1600, 'panggungharjo', 440),
(1601, 'sumberagung', 441),
(1602, 'parangtritis', 442),
(1603, 'papringan', 443),
(1604, 'kumendaman', 444),
(1605, 'bolon', 445),
(1606, 'karangsemut trimulyo jetis', 236);

-- --------------------------------------------------------

--
-- Table structure for table `jenis_bencana`
--

CREATE TABLE IF NOT EXISTS `jenis_bencana` (
  `id_jenis_bencana` int(11) NOT NULL AUTO_INCREMENT,
  `nama_jenis_bencana` varchar(200) DEFAULT NULL,
  PRIMARY KEY (`id_jenis_bencana`)
) ENGINE=MyISAM  DEFAULT CHARSET=latin1 AUTO_INCREMENT=495 ;

--
-- Dumping data for table `jenis_bencana`
--

INSERT INTO `jenis_bencana` (`id_jenis_bencana`, `nama_jenis_bencana`) VALUES
(485, 'Erosi Sungai'),
(486, 'Banjir'),
(487, 'Laka Laut'),
(488, 'Amblasan Tanah '),
(489, 'Penemuan Mayat'),
(490, 'Cuaca Ekstrim '),
(491, 'Laka Lantas'),
(492, 'Petir Menyambar'),
(481, 'Tanah Longsor'),
(482, 'Kebakaran'),
(483, 'Angin Ribut'),
(484, 'Pohon Tumbang'),
(493, 'Laka Sumur'),
(494, 'Laka Sungai');

-- --------------------------------------------------------

--
-- Table structure for table `kabupaten`
--

CREATE TABLE IF NOT EXISTS `kabupaten` (
  `id_kabupaten` int(11) NOT NULL AUTO_INCREMENT,
  `id_propinsi` int(11) NOT NULL,
  `nama_kabupaten` varchar(100) NOT NULL,
  PRIMARY KEY (`id_kabupaten`)
) ENGINE=MyISAM  DEFAULT CHARSET=latin1 AUTO_INCREMENT=7 ;

--
-- Dumping data for table `kabupaten`
--

INSERT INTO `kabupaten` (`id_kabupaten`, `id_propinsi`, `nama_kabupaten`) VALUES
(1, 1, 'Bantul');

-- --------------------------------------------------------

--
-- Table structure for table `kecamatan`
--

CREATE TABLE IF NOT EXISTS `kecamatan` (
  `id_kecamatan` int(11) NOT NULL AUTO_INCREMENT,
  `id_kabupaten` int(11) NOT NULL,
  `nama_kecamatan` varchar(100) NOT NULL,
  `kode_kecamatan` varchar(20) NOT NULL,
  PRIMARY KEY (`id_kecamatan`)
) ENGINE=MyISAM  DEFAULT CHARSET=latin1 AUTO_INCREMENT=155 ;

--
-- Dumping data for table `kecamatan`
--

INSERT INTO `kecamatan` (`id_kecamatan`, `id_kabupaten`, `nama_kecamatan`, `kode_kecamatan`) VALUES
(58, 1, 'Bantul', '01'),
(59, 1, 'Piyungan', ''),
(60, 1, 'Kretek', ''),
(142, 1, '1', ''),
(63, 1, 'Imogiri', ''),
(64, 1, 'Sewon', ''),
(65, 1, 'Pleret', '012'),
(66, 1, 'Pajangan', ''),
(143, 1, '14.2', ''),
(68, 1, 'Jetis', ''),
(69, 1, 'Dlingo', ''),
(70, 1, 'Banguntapan', ''),
(144, 1, '3.3', ''),
(72, 1, 'Bambanglipuro', ''),
(73, 1, 'Kasihan', ''),
(74, 1, 'Pandak', ''),
(75, 1, 'Sanden', ''),
(76, 1, 'Srandakan', ''),
(77, 1, 'Sedayu', ''),
(78, 1, 'Pundong', ''),
(145, 1, '24.1', ''),
(146, 1, '17', ''),
(147, 1, '16.3', ''),
(148, 1, '8.300000000000001', ''),
(149, 1, '17.55', ''),
(150, 1, '21', ''),
(151, 1, '10', ''),
(152, 1, 'Sleman', ''),
(153, 1, 'Mantrijeron', ''),
(154, 1, 'Banul', '');

-- --------------------------------------------------------

--
-- Table structure for table `kelurahan`
--

CREATE TABLE IF NOT EXISTS `kelurahan` (
  `id_kelurahan` int(11) NOT NULL AUTO_INCREMENT,
  `nama_kelurahan` varchar(100) NOT NULL,
  `id_kecamatan` int(11) NOT NULL,
  PRIMARY KEY (`id_kelurahan`)
) ENGINE=MyISAM  DEFAULT CHARSET=latin1 AUTO_INCREMENT=446 ;

--
-- Dumping data for table `kelurahan`
--

INSERT INTO `kelurahan` (`id_kelurahan`, `nama_kelurahan`, `id_kecamatan`) VALUES
(9, 'Srigading', 3),
(2, 'Sriharjo', 63),
(10, 'Palbapang', 7),
(6, 'Pendowoharjo', 4),
(7, 'Palbapang', 5),
(8, 'Gempa Bumi', 0),
(11, 'Srigading', 8),
(12, 'Pendowoharjo', 9),
(13, 'Sd', 10),
(216, 'Parangtritis', 60),
(215, 'Srimartani', 59),
(178, 'Soge', 33),
(179, '', 50),
(180, 'Yuwono', 51),
(181, 'Gunungkunci', 49),
(217, 'Sitimulyo', 59),
(186, 'Pendowoharjo', 29),
(218, 'Guwosari', 61),
(219, 'Trihanggo', 62),
(182, 'Gokerten', 33),
(183, 'Cetan', 33),
(37, 'Dusun Xii', 33),
(177, 'Gegunung', 49),
(39, 'Niten', 34),
(40, 'Gabusan', 35),
(41, 'Manding', 36),
(42, 'Bangi', 35),
(43, 'Jetis', 37),
(44, 'Kaliputih', 34),
(45, 'Gandon ', 32),
(46, 'Baran Rt 06', 38),
(173, 'Baran', 38),
(174, 'Bakalan', 38),
(175, 'Poyahan', 48),
(176, 'Kalangan', 49),
(220, 'Selopamioro', 63),
(54, 'Niten', 40),
(55, 'Karanggede Rt.01', 34),
(56, 'Karanggayam ', 32),
(57, 'Piring', 38),
(58, 'Bogoran', 40),
(59, 'Gatak', 35),
(60, 'Geneng', 34),
(61, 'Sulang Lor', 41),
(62, 'Sulang Kidul', 41),
(63, 'Sawungan Rt 02', 42),
(64, 'Tanubayan Rt 5', 40),
(65, 'Priyan Rt 4', 40),
(66, 'Tanubayan ', 40),
(67, 'Tanubayan Rt 8', 40),
(68, 'Manding Gandekan', 40),
(69, 'Pendowo', 34),
(70, 'Pepe Rt 5', 40),
(71, 'Gemahan Rt 04', 39),
(72, 'Trirenggo', 40),
(73, 'Jetis Sumuran Rt 01', 32),
(74, 'Jetis Sumuran Rt 02', 32),
(75, 'Ketos', 43),
(76, 'Keongan Rt.02', 36),
(77, 'Sumuran', 32),
(78, 'Sumuran Rt 04', 32),
(79, 'Peni Rt.05', 32),
(80, 'Mandingan Rt.05 Rw 14', 39),
(81, 'Mandingan Rt 01', 39),
(82, 'Mandingan Rt 04 Karang Ngabean', 39),
(83, 'Mandingan Rw 13 Rt 03', 39),
(84, 'Karasan Rt.05', 32),
(85, 'Balong', 35),
(86, 'Dadapan', 35),
(87, 'Sewon', 35),
(88, 'Brajan', 44),
(89, 'Tegalrejo', 45),
(90, 'Gamping', 46),
(91, 'Priyan', 40),
(92, 'Pasutan', 40),
(93, 'Gempolan', 40),
(94, 'Code', 40),
(95, 'Dowaluh Cepoko', 40),
(144, 'Kadirojo', 32),
(145, 'Kasongan', 34),
(147, 'Mandingan', 39),
(221, 'Panggungharjo', 64),
(149, 'Banyon', 34),
(150, 'Keyongan Rt.01', 36),
(151, 'Gemahan Rt.03', 39),
(152, 'Cepoko', 40),
(153, 'Karangmojo', 40),
(154, 'Manding', 40),
(155, 'Pepe', 40),
(156, 'Gandon Sumuran', 32),
(157, 'Taskombang', 32),
(158, 'Dagaran', 32),
(159, 'Ngringinan', 32),
(160, 'Cepor Kidul Bolon', 32),
(161, 'Bolon ', 32),
(162, 'Peni Tajeman', 32),
(163, 'Jedigan Peni', 32),
(164, 'Peni', 32),
(165, 'Karangasem', 32),
(166, 'Gumuk', 39),
(167, 'Baran', 47),
(168, 'Tangkil', 38),
(169, 'Gedong', 47),
(170, 'Kantongan', 47),
(171, 'Nglorong', 47),
(187, 'Timbulharjo', 29),
(189, 'Sumberagung', 23),
(194, 'Patalan', 23),
(195, 'Sumbermulyo', 52),
(196, 'Sriharjo', 24),
(197, 'Wonokromo', 27),
(198, 'Bawuran', 27),
(202, 'Karangtengah', 24),
(205, 'Bantul', 53),
(206, 'Sedayu', 54),
(207, 'Pleret', 55),
(208, 'Piyungan', 56),
(209, 'Tirtonirmolo', 30),
(210, 'Srimatrani', 59),
(212, 'Sewon', 57),
(222, 'Pleret', 65),
(223, 'Wonolelo', 65),
(224, 'Guwosari', 66),
(225, 'Trihanggo', 67),
(226, 'Sumberagung', 68),
(227, 'Mangunan', 69),
(228, 'Canden', 68),
(229, 'Wukirsari', 63),
(230, 'Sorowajan', 70),
(231, 'Srimulyo', 59),
(232, 'Suryodiningratan', 71),
(233, 'Ringinharjo', 58),
(234, 'Sabdodadi', 58),
(235, 'Bangunharjo', 64),
(236, 'Trimulyo', 68),
(237, 'Sidomulyo', 72),
(238, 'Mulyodadi', 72),
(239, 'Ngestiharjo', 73),
(240, 'Tamantirto', 73),
(241, 'Bangunjiwo', 73),
(242, 'Tirtosari', 60),
(243, 'Tirtohargo', 60),
(244, 'Tirtomulyo', 60),
(245, 'Donotirto', 60),
(246, 'Caturharjo', 74),
(247, 'Triharjo', 74),
(248, 'Gilangharjo', 74),
(249, 'Wijirejo', 74),
(250, 'Gadingharjo', 75),
(251, 'Murtigading', 75),
(252, 'Gadingsari', 75),
(253, 'Poncosari', 76),
(254, 'Trimurti', 76),
(255, 'Sendangsari', 66),
(256, 'Triwidadi', 66),
(257, 'Argomulyo', 77),
(258, 'Argosari', 77),
(259, 'Argorejo', 77),
(260, 'Argodadi', 77),
(261, 'Imogiri', 63),
(262, 'Karangtalun', 63),
(263, 'Kebonagung', 63),
(264, 'Girirejo', 63),
(265, 'Segoroyoso', 65),
(266, 'Banguntapan', 70),
(267, 'Baturetno', 70),
(268, 'Potorono', 70),
(269, 'Jambidan', 70),
(270, 'Wirokerten', 70),
(271, 'Tamanan', 70),
(272, 'Singosaren', 70),
(273, 'Jagalan', 70),
(274, 'Pajangrejo', 78),
(275, 'Seloharjo', 78),
(276, 'Srihardono', 78),
(277, 'Dlingo', 69),
(278, 'Jatimulyo', 69),
(279, 'Muntuk', 69),
(280, 'Temuwuh', 69),
(281, 'Terong', 69),
(282, 'Bantul', 58),
(283, 'Jatimulyo', 69),
(284, 'Tirtonirmolo', 73),
(285, 'trirenggo', 58),
(286, 'Batretno', 70),
(287, 'Timbulharjo', 64),
(288, 'Patalan', 68),
(289, 'Sumbermulyo', 72),
(290, 'Palbapang ', 58),
(291, 'Palbapang ', 79),
(292, 'Muyodadi', 72),
(293, 'Trtomulyo', 60),
(294, 'Bawuran', 65),
(295, 'Karangtengah', 63),
(296, 'Kasihan', 80),
(297, 'Kretek', 81),
(298, 'Kretek', 82),
(299, 'Srandakan', 83),
(300, 'Sanden', 84),
(301, 'Sanden', 85),
(302, 'Kretek', 85),
(303, 'Kasihan', 86),
(304, 'Sanden', 87),
(305, 'Sanden', 88),
(306, 'Bantul', 84),
(307, 'Pandak', 84),
(308, 'Sedayu ', 84),
(309, 'Pandak', 89),
(310, 'Pajangan', 90),
(311, 'Sewon', 84),
(312, 'Pleret', 84),
(313, 'Sewon ', 86),
(314, 'Pleret', 91),
(315, 'Pleret', 88),
(316, 'Bambanglipuro', 88),
(317, 'Kasihan', 88),
(318, 'Jetis', 92),
(319, 'Pleret', 93),
(320, 'Jetis', 84),
(321, 'Sewon ', 94),
(322, 'Kasihan', 89),
(323, 'Sewon', 89),
(324, 'Piyungan ', 89),
(325, 'Kasihan', 95),
(326, 'Bantul', 96),
(327, 'Bambanglipuro', 97),
(328, 'Srigading', 75),
(329, 'Parangtirits', 60),
(330, 'Wonokromo', 65),
(331, 'Pendowoharjo', 64),
(332, 'Piyungan', 92),
(333, 'Pleret', 98),
(334, 'Kretek', 99),
(335, 'Piyungan', 100),
(336, 'Pajangan', 101),
(337, 'Sleman', 102),
(338, 'Imogiri', 103),
(339, 'Sewon', 104),
(340, 'Jetis', 89),
(341, 'Kretek', 105),
(342, 'Dlingo', 105),
(343, 'Pleret', 106),
(344, 'Pleret', 107),
(345, 'Imogiri', 108),
(346, 'Imogiri', 101),
(347, 'Banguntapan', 109),
(348, 'Pleret', 94),
(349, 'Kretek', 110),
(350, 'Pleret', 89),
(351, 'Piyungan', 87),
(352, 'Piyungan', 84),
(353, 'Mantrijeron', 111),
(354, 'Imogiri', 90),
(355, 'Imogiri', 88),
(356, 'Kretek', 112),
(357, 'Imogiri', 87),
(358, 'Bantul', 101),
(359, 'Srandakan', 113),
(360, 'Piyungan', 113),
(361, 'Pajangan', 114),
(362, 'Piyungan', 101),
(363, 'Imogiri', 115),
(364, 'Banguntapan', 116),
(365, 'Pleret', 86),
(366, 'Piyungan', 117),
(367, 'Piyungan', 99),
(368, 'Piyungan', 118),
(369, 'Piyungan', 88),
(370, 'Banguntapan', 119),
(371, 'Piyungan', 94),
(372, 'Dlingo', 108),
(373, 'Pandak', 108),
(374, 'Bantul', 120),
(375, 'Banguntapan', 96),
(376, 'Banguntapan', 121),
(377, 'Jetis', 101),
(378, 'Sewon', 122),
(379, 'Kretek', 123),
(380, 'Kasihan', 124),
(381, 'Imogiri', 125),
(382, 'Pleret', 126),
(383, 'Pleret', 127),
(384, 'Bantul', 128),
(385, 'Bantul', 81),
(386, 'Pajangan ', 113),
(387, 'Imogiri', 118),
(388, 'Jetis', 121),
(389, 'Bantul', 129),
(390, 'Piyungan', 107),
(391, 'Imogiri', 89),
(392, 'Imogiri', 86),
(393, 'Kasihan', 130),
(394, 'Banguntapan', 131),
(395, 'Kretek', 132),
(396, 'Banguntapan', 108),
(397, 'Jetis', 102),
(398, 'Sedayu ', 101),
(399, 'Jetis', 133),
(400, 'Bambanglipuro', 132),
(401, 'Bantul', 132),
(402, 'Pandak', 132),
(403, 'Jetis', 132),
(404, 'Banul', 132),
(405, 'Kretek', 134),
(406, 'Kretek', 130),
(407, 'Dlingo', 113),
(408, 'Dlingo', 135),
(409, 'Dlingo', 88),
(410, 'Dlingo', 86),
(411, 'Imogiri', 81),
(412, 'Banguntapan', 136),
(413, 'Kasihan', 136),
(414, 'Pleret', 101),
(415, 'Sedayu ', 102),
(416, 'Imogiri', 117),
(417, 'Bantul', 137),
(418, 'Sewon', 138),
(419, 'Imogiri', 139),
(420, 'Kasihan', 140),
(421, 'Imogiri', 132),
(422, 'Bambanglipuro', 92),
(423, 'Dlingo', 115),
(424, 'Dlingo', 89),
(425, 'Srandakan', 141),
(426, 'Kretek', 141),
(427, 'Bambanglipuro', 141),
(428, 'Sewon', 88),
(429, 'Pundong', 108),
(430, 'Banguntapan', 92),
(431, 'Bambanglipuro', 109),
(432, 'Pleret', 137),
(433, 'Piyungan', 142),
(434, 'Pleret', 143),
(435, 'Kretek', 144),
(436, 'Piyungan', 145),
(437, 'Pajangan', 146),
(438, 'Sleman', 147),
(439, 'Imogiri', 148),
(440, 'Sewon', 149),
(441, 'Jetis', 150),
(442, 'Kretek', 151),
(443, 'Trihanggo', 152),
(444, 'Suryodiningratan', 153),
(445, 'Palbapang ', 154);

-- --------------------------------------------------------

--
-- Table structure for table `korban_bencana`
--

CREATE TABLE IF NOT EXISTS `korban_bencana` (
  `id_korban_bencana` int(11) NOT NULL AUTO_INCREMENT,
  `id_korban` int(1) NOT NULL,
  `id_bencana` int(11) NOT NULL,
  `nama_korban` varchar(100) NOT NULL,
  `alamat_korban` text,
  `jk_korban` varchar(1) NOT NULL,
  `usia_korban` varchar(5) DEFAULT NULL,
  `waris_korban` varchar(100) DEFAULT NULL,
  `lokasi_kroban` varchar(100) DEFAULT NULL,
  `keterangan_korban` varchar(255) DEFAULT NULL,
  PRIMARY KEY (`id_korban_bencana`)
) ENGINE=MyISAM  DEFAULT CHARSET=latin1 AUTO_INCREMENT=659 ;

--
-- Dumping data for table `korban_bencana`
--

INSERT INTO `korban_bencana` (`id_korban_bencana`, `id_korban`, `id_bencana`, `nama_korban`, `alamat_korban`, `jk_korban`, `usia_korban`, `waris_korban`, `lokasi_kroban`, `keterangan_korban`) VALUES
(10, 0, 11, 'Ehasy', 'Kadirojo RT 2', 'L', '5', 'Aan', NULL, 'Korban tertimpa pohon saat bermain di teras'),
(11, 0, 11, 'Rohmat', 'Sama', 'L', '60', 'Dosi', NULL, 'Korban terseret arus'),
(12, 0, 11, 'Tri Utami', 'Cilacap', 'P', '55', '-', NULL, 'Korban terjatuh bersama motor dan terseret arus'),
(13, 1, 11, 'Suripah', 'sama', 'P', '24', 'Sungai', 'Ronti', 'Korban terseret arus'),
(14, 2, 11, 'Aan', 'Kadirojo RT 2', 'L', '25', NULL, NULL, 'Korban tertimpa pohon'),
(15, 2, 11, 'Runi', 'sama', 'P', '14', NULL, NULL, NULL),
(16, 2, 11, 'Dewi', 'Dusun V', 'P', '14', NULL, NULL, NULL),
(652, 0, 7038, 'Vera Ismudi', 'Bambanglipuro', 'P', '59', 'No', NULL, 'No'),
(653, 7037, 0, 'Vera Ismudi', 'Bambanglipuro', 'P', '59', 'No', NULL, 'No'),
(654, 0, 7036, 'Vera Ismudi', 'Bambanglipuro', 'P', '59', 'No', NULL, 'No'),
(657, 0, 7033, 'Vera Ismudi', 'Bambanglipuro', 'P', '59', 'No', NULL, 'No'),
(658, 0, 7037, 'Vera Ismudi', 'Jl. Kol. Sugiyono No 13 Rt 26 /006 Keparakan Mergangsan', 'P', '59', NULL, NULL, NULL);

-- --------------------------------------------------------

--
-- Table structure for table `permissions`
--

CREATE TABLE IF NOT EXISTS `permissions` (
  `permID` int(11) NOT NULL AUTO_INCREMENT,
  `permKey` varchar(30) NOT NULL,
  `permName` varchar(30) NOT NULL,
  PRIMARY KEY (`permID`),
  UNIQUE KEY `permKey` (`permKey`)
) ENGINE=MyISAM  DEFAULT CHARSET=latin1 AUTO_INCREMENT=9 ;

--
-- Dumping data for table `permissions`
--

INSERT INTO `permissions` (`permID`, `permKey`, `permName`) VALUES
(1, 'access_site', 'Access Site'),
(2, 'access_admin', 'Access Admin System'),
(3, 'publish_articles', 'Publish Articles'),
(4, 'publish_events', 'Publish Events'),
(5, 'install_modules', 'Install Modules'),
(6, 'post_comments', 'Post Comments'),
(7, 'access_premium_content', 'Access Premium Content'),
(8, 'limited_admin', 'Limited Admin');

-- --------------------------------------------------------

--
-- Table structure for table `propinsi`
--

CREATE TABLE IF NOT EXISTS `propinsi` (
  `id_propinsi` int(11) NOT NULL AUTO_INCREMENT,
  `nama_propinsi` varchar(100) NOT NULL,
  PRIMARY KEY (`id_propinsi`)
) ENGINE=MyISAM  DEFAULT CHARSET=latin1 AUTO_INCREMENT=2 ;

--
-- Dumping data for table `propinsi`
--

INSERT INTO `propinsi` (`id_propinsi`, `nama_propinsi`) VALUES
(1, 'Yogyakarta');

-- --------------------------------------------------------

--
-- Table structure for table `roles`
--

CREATE TABLE IF NOT EXISTS `roles` (
  `roleID` int(11) NOT NULL AUTO_INCREMENT,
  `roleName` varchar(20) NOT NULL,
  PRIMARY KEY (`roleID`),
  UNIQUE KEY `roleName` (`roleName`)
) ENGINE=MyISAM  DEFAULT CHARSET=latin1 AUTO_INCREMENT=4 ;

--
-- Dumping data for table `roles`
--

INSERT INTO `roles` (`roleID`, `roleName`) VALUES
(1, 'Administrators'),
(2, 'All Users');

-- --------------------------------------------------------

--
-- Table structure for table `role_perms`
--

CREATE TABLE IF NOT EXISTS `role_perms` (
  `ID` bigint(20) unsigned zerofill NOT NULL AUTO_INCREMENT,
  `roleID` bigint(20) NOT NULL,
  `permID` bigint(20) NOT NULL,
  `value` tinyint(1) NOT NULL DEFAULT '0',
  `addDate` datetime NOT NULL,
  PRIMARY KEY (`ID`),
  UNIQUE KEY `roleID_2` (`roleID`,`permID`)
) ENGINE=MyISAM  DEFAULT CHARSET=latin1 AUTO_INCREMENT=32 ;

--
-- Dumping data for table `role_perms`
--

INSERT INTO `role_perms` (`ID`, `roleID`, `permID`, `value`, `addDate`) VALUES
(00000000000000000016, 1, 2, 1, '2009-03-02 17:13:21'),
(00000000000000000017, 1, 7, 1, '2009-03-02 17:13:21'),
(00000000000000000018, 1, 1, 1, '2009-03-02 17:13:21'),
(00000000000000000019, 1, 5, 1, '2009-03-02 17:13:21'),
(00000000000000000020, 1, 8, 1, '2009-03-02 17:13:21'),
(00000000000000000021, 1, 6, 1, '2009-03-02 17:13:21'),
(00000000000000000022, 1, 3, 1, '2009-03-02 17:13:21'),
(00000000000000000023, 1, 4, 1, '2009-03-02 17:13:21'),
(00000000000000000024, 2, 1, 1, '2009-03-02 17:13:31'),
(00000000000000000025, 3, 7, 1, '2009-03-02 17:13:38'),
(00000000000000000026, 3, 8, 1, '2009-03-02 17:13:38'),
(00000000000000000027, 3, 6, 1, '2009-03-02 17:13:38'),
(00000000000000000028, 3, 3, 1, '2009-03-02 17:13:38'),
(00000000000000000029, 3, 4, 1, '2009-03-02 17:13:38'),
(00000000000000000030, 4, 7, 1, '2009-03-02 17:13:42'),
(00000000000000000031, 4, 6, 1, '2009-03-02 17:13:42');

-- --------------------------------------------------------

--
-- Table structure for table `rusak_bencana`
--

CREATE TABLE IF NOT EXISTS `rusak_bencana` (
  `id_rusak_bencana` int(11) NOT NULL AUTO_INCREMENT,
  `id_bencana` int(11) NOT NULL,
  `tingkat_rusak_bencana` int(2) NOT NULL,
  `value_rusak_bencana` int(10) DEFAULT NULL,
  `taksiran_rusak_bencana` int(20) DEFAULT NULL,
  PRIMARY KEY (`id_rusak_bencana`)
) ENGINE=MyISAM  DEFAULT CHARSET=latin1 AUTO_INCREMENT=122 ;

-- --------------------------------------------------------

--
-- Table structure for table `users`
--

CREATE TABLE IF NOT EXISTS `users` (
  `user_id` int(10) unsigned NOT NULL AUTO_INCREMENT,
  `user_email` varchar(255) NOT NULL DEFAULT '',
  `user_pass` varchar(60) NOT NULL DEFAULT '',
  `user_date` datetime NOT NULL DEFAULT '0000-00-00 00:00:00',
  `user_modified` datetime NOT NULL DEFAULT '0000-00-00 00:00:00',
  `user_last_login` datetime DEFAULT NULL,
  `user_level` int(1) NOT NULL,
  `id_school` int(11) NOT NULL,
  PRIMARY KEY (`user_id`),
  UNIQUE KEY `user_email` (`user_email`)
) ENGINE=MyISAM  DEFAULT CHARSET=utf8 AUTO_INCREMENT=36 ;

--
-- Dumping data for table `users`
--

INSERT INTO `users` (`user_id`, `user_email`, `user_pass`, `user_date`, `user_modified`, `user_last_login`, `user_level`, `id_school`) VALUES
(1, 'admin', '$2a$08$f9aOrVMNozJB.0oCfFXxyOWIk.j0DkVfajB8iV/7LulO6t3Z6bBAS', '2014-01-12 12:02:27', '2014-10-30 21:56:47', '2015-10-05 11:59:22', 1, 0),
(35, 'ida', '$2a$08$sdJuD0SGReYS5FHZEagisevU3YCQW91M6rOTRdBlD2/EXGD8V48G2', '2015-04-08 09:33:11', '2015-04-08 09:33:11', NULL, 1, 0),
(34, 'lasmi', '$2a$08$zPbZbjlOclTGGtQ8CnV9c.2AzMT6Q.7X7sWHHwi.qoEwOzzUVUsHq', '2015-04-08 09:32:02', '2015-04-08 09:32:02', '2015-08-28 07:52:01', 1, 0);

-- --------------------------------------------------------

--
-- Table structure for table `user_perms`
--

CREATE TABLE IF NOT EXISTS `user_perms` (
  `ID` bigint(20) unsigned zerofill NOT NULL AUTO_INCREMENT,
  `userID` bigint(20) NOT NULL,
  `permID` bigint(20) NOT NULL,
  `value` tinyint(1) NOT NULL DEFAULT '0',
  `addDate` datetime NOT NULL,
  PRIMARY KEY (`ID`),
  UNIQUE KEY `userID` (`userID`,`permID`)
) ENGINE=MyISAM  DEFAULT CHARSET=latin1 AUTO_INCREMENT=2 ;

--
-- Dumping data for table `user_perms`
--

INSERT INTO `user_perms` (`ID`, `userID`, `permID`, `value`, `addDate`) VALUES
(00000000000000000001, 7, 4, 1, '2014-03-01 07:05:34');

-- --------------------------------------------------------

--
-- Table structure for table `user_roles`
--

CREATE TABLE IF NOT EXISTS `user_roles` (
  `userID` int(11) NOT NULL,
  `roleID` int(11) NOT NULL,
  `addDate` datetime NOT NULL,
  UNIQUE KEY `userID` (`userID`,`roleID`)
) ENGINE=MyISAM DEFAULT CHARSET=latin1;

--
-- Dumping data for table `user_roles`
--

INSERT INTO `user_roles` (`userID`, `roleID`, `addDate`) VALUES
(1, 1, '2014-03-01 03:31:16'),
(15, 2, '2014-05-28 08:29:53'),
(16, 3, '2014-05-28 08:30:11'),
(17, 2, '2014-06-03 18:21:13'),
(18, 3, '2014-06-03 18:23:58'),
(19, 2, '2014-11-22 23:38:53'),
(20, 2, '2014-11-28 06:51:47'),
(21, 1, '2014-12-11 09:48:58'),
(22, 1, '2014-12-11 09:50:12'),
(23, 1, '2014-12-11 09:50:47'),
(24, 2, '2014-12-11 09:51:13'),
(25, 1, '2014-12-11 10:29:15'),
(26, 1, '2015-01-09 13:31:29'),
(27, 1, '2015-01-09 13:44:31'),
(28, 1, '2015-02-04 10:41:27'),
(29, 1, '2015-02-04 10:41:49'),
(30, 1, '2015-02-04 10:42:11'),
(31, 2, '2015-02-04 10:42:45'),
(32, 1, '2015-03-20 10:12:54'),
(33, 1, '2015-04-08 08:30:23'),
(34, 1, '2015-04-08 09:32:02'),
(35, 1, '2015-04-08 09:33:11');

/*!40101 SET CHARACTER_SET_CLIENT=@OLD_CHARACTER_SET_CLIENT */;
/*!40101 SET CHARACTER_SET_RESULTS=@OLD_CHARACTER_SET_RESULTS */;
/*!40101 SET COLLATION_CONNECTION=@OLD_COLLATION_CONNECTION */;
